delete from EXAM;
delete from RESERV;
delete from TREATM;
delete from SURGERY;
delete from PRESC;
-- delete from LOGIN;
delete from PATIENT;
-- delete from MEDICINE;
delete from E_SCHEDULE;
delete from D_SCHEDULE;
delete from DOCTOR;
delete from DEPT;

---------------- 환자 정보-----------------------
insert into PATIENT values('DDDAAA','12345671', '김경수', '950816-1234561' ,'010-1123-1234', '경기도 부천시 중동','QWA1@gmail.com');
insert into PATIENT values('DDDAAB','12345672', '김경화', '950816-2234562' ,'010-1123-1235', '경기도 부천시 상동','QWA2@gmail.com');
insert into PATIENT values('DDDAAC','12345673', '김경목', '950816-1234563' ,'010-1123-1236', '경기도 부천시 내동','QWA3@gmail.com');
insert into PATIENT values('gildong', 'gil1234', '홍길동', '800101-1234567', '010-0000-0000', '서울특별시 금천구 가산동', 'korea@kosmo.com');
insert into PATIENT values('gamchan', 'chan1234', '강감찬', '900101-1234567', '010-1111-1111', '인천광역시 남동구 장수동', 'chan@kosmo.com');
insert into PATIENT values('sunshin', 'sun1234', '이순신', '001010-1234567', '010-2222-2222', '경기도 포천시 신읍동 ', 'lee@kosmo.com');
insert into PATIENT values('donggun', 'dong1234', '장동건', '700301-1234567', '010-3333-3333', '서울특별시 강남구 청담동', 'dong@daum.net');
insert into PATIENT values('dongwon', 'dong1234', '강동원', '800505-1234567', '010-4444-4444', '서울특별시 서초구 서초동', 'dong@naver.com');
insert into PATIENT values('soyoung', 'young123', '고소영', '850606-2223456', '010-5555-5555', '서울특별시 강남구 청담동', 'young@gmail.com');
insert into PATIENT values('biden', 'biden1234', '바이든', '660704-1234567', '010-6666-6666', '서울특별시 동대문구 회기동', 'biden@gmail.com');
insert into PATIENT values('jinping', 'xi1234', '시진핑', '701111-1234567', '010-7777-7777', '부산광역시 중구 남포동', 'jinping@daum.net');
insert into PATIENT values('yunakim', 'yuna123', '김연아', '901230-2223456', '010-8888-8888', '서울특별시 용산구 한남동', 'yuna@naver.com');
-----------------진료 과---------------------------
insert into DEPT values('소화기내과', 'GI');
insert into DEPT values('순환기내과', 'CA');
insert into DEPT values('호흡기내과', 'PLM');
insert into DEPT values('신장내과', 'NPH');
insert into DEPT values('감염내과', 'IF');
insert into DEPT values('혈액종양내과', 'HO');
insert into DEPT values('외과', 'GS');
insert into DEPT values('흉부외과', 'CS');
insert into DEPT values('정형외과', 'OS');
insert into DEPT values('신경외과', 'NS');
insert into DEPT values('신경과', 'NE');
insert into DEPT values('소아과', 'PED');
insert into DEPT values('산부인과', 'OBGY');
insert into DEPT values('비뇨기과', 'UR');
insert into DEPT values('재활의학과', 'RM');
insert into DEPT values('응급의학과', 'EM');
insert into DEPT values('가정의학과', 'FM');
insert into DEPT values('마취통증의학과', 'AN');
insert into DEPT values('피부과', 'DER');
insert into DEPT values('정신건강의학과', 'NP');
insert into DEPT values('치과', 'DEN');
insert into DEPT values('영상의학과', 'DR');
---------------- 의료진 ---------------------------
insert into DOCTOR values('A001', '백승운', '소화기내과');
insert into DOCTOR values('A002', '김재준', '소화기내과');
insert into DOCTOR values('A003', '이풍렬', '소화기내과');
insert into DOCTOR values('A004', '이규택', '소화기내과');
insert into DOCTOR values('A005', '유기상', '외과');
insert into DOCTOR values('A006', '조민경', '외과');
insert into DOCTOR values('A007', '최경진', '외과');
insert into DOCTOR values('A008', '유진수', '외과');
insert into DOCTOR values('A009', '박치민', '외과');
insert into DOCTOR values('A010', '임희정', '외과');
insert into DOCTOR values('B001', '서정민', '소아과');
insert into DOCTOR values('B002', '김예진', '소아과');
insert into DOCTOR values('B003', '성기웅', '소아과');
insert into DOCTOR values('B004', '김미진', '소아과');
insert into DOCTOR values('B005', '이지원', '소아과');
insert into DOCTOR values('B006', '유준현', '가정의학과');
insert into DOCTOR values('B007', '송윤미', '가정의학과');
insert into DOCTOR values('B008', '신동욱', '가정의학과');
insert into DOCTOR values('C001', '이주홍', '피부과');
insert into DOCTOR values('C002', '이동윤', '피부과');
insert into DOCTOR values('C003', '박지혜', '피부과');
insert into DOCTOR values('C004', '오세진', '피부과');
insert into DOCTOR values('C005', '김도관', '정신건강의학과');
insert into DOCTOR values('C006', '정유숙', '정신건강의학과');
insert into DOCTOR values('C007', '홍진표', '정신건강의학과');
insert into DOCTOR values('C008', '윤세창', '정신건강의학과');
insert into DOCTOR values('D001', '전은석', '순환기내과');
insert into DOCTOR values('D002', '김준수', '순환기내과');
insert into DOCTOR values('D003', '박승우', '순환기내과');
insert into DOCTOR values('D004', '권현철', '순환기내과');
insert into DOCTOR values('D005', '성지동', '순환기내과');
insert into DOCTOR values('D006', '윤영근', '순환기내과');
insert into DOCTOR values('D007', '권오정', '호흡기내과');
insert into DOCTOR values('D008', '김호중', '호흡기내과');
insert into DOCTOR values('D009', '정만표', '호흡기내과');
insert into DOCTOR values('D010', '서지영', '호흡기내과');
insert into DOCTOR values('D011', '엄상원', '호흡기내과');
insert into DOCTOR values('D012', '전경만', '호흡기내과');
insert into DOCTOR values('D013', '이경종', '호흡기내과');
insert into DOCTOR values('D014', '박혜윤', '호흡기내과');
insert into DOCTOR values('E001', '김윤구', '신장내과');
insert into DOCTOR values('E002', '이정은', '신장내과');
insert into DOCTOR values('E003', '장혜련', '신장내과');
insert into DOCTOR values('E004', '전준석', '신장내과');
insert into DOCTOR values('E005', '허우성', '신장내과');
insert into DOCTOR values('E006', '정두련', '감염내과');
insert into DOCTOR values('E007', '백경란', '감염내과');
insert into DOCTOR values('E008', '강철인', '감염내과');
insert into DOCTOR values('E009', '조선영', '감염내과');
insert into DOCTOR values('F001', '강원기', '혈액종양내과');
insert into DOCTOR values('F002', '임영혁', '혈액종양내과');
insert into DOCTOR values('F003', '임호영', '혈액종양내과');
insert into DOCTOR values('F004', '박준오', '혈액종양내과');
insert into DOCTOR values('F005', '안명주', '혈액종양내과');
insert into DOCTOR values('F006', '심영목', '흉부외과');
insert into DOCTOR values('F007', '김진국', '흉부외과');
insert into DOCTOR values('F008', '김욱성', '흉부외과');
insert into DOCTOR values('F009', '정동섭', '흉부외과');
insert into DOCTOR values('G001', '박민종', '정형외과');
insert into DOCTOR values('G002', '하철원', '정형외과');
insert into DOCTOR values('G003', '성기선', '정형외과');
insert into DOCTOR values('G004', '유재철', '정형외과');
insert into DOCTOR values('G005', '임승재', '정형외과');
insert into DOCTOR values('G006', '이대희', '정형외과');
insert into DOCTOR values('G007', '김은상', '신경외과');
insert into DOCTOR values('G008', '이정일', '신경외과');
insert into DOCTOR values('G009', '남도현', '신경외과');
insert into DOCTOR values('G010', '최정원', '신경외과');
insert into DOCTOR values('G011', '김종수', '신경외과');
insert into DOCTOR values('G012', '김종민', '신경외과');
insert into DOCTOR values('H001', '홍승봉', '신경과');
insert into DOCTOR values('H002', '김병준', '신경과');
insert into DOCTOR values('H003', '서대원', '신경과');
insert into DOCTOR values('H004', '김경문', '신경과');
insert into DOCTOR values('H005', '방오영', '신경과');
insert into DOCTOR values('H006', '조진환', '신경과');
insert into DOCTOR values('H007', '김병기', '산부인과');
insert into DOCTOR values('H008', '최두석', '산부인과');
insert into DOCTOR values('H009', '노정래', '산부인과');
insert into DOCTOR values('H010', '오수영', '산부인과');
insert into DOCTOR values('H011', '최석주', '산부인과');
insert into DOCTOR values('H012', '이동윤', '산부인과');
insert into DOCTOR values('I001', '이현무', '비뇨기과');
insert into DOCTOR values('I002', '이성원', '비뇨기과');
insert into DOCTOR values('I003', '전성수', '비뇨기과');
insert into DOCTOR values('I004', '서성일', '비뇨기과');
insert into DOCTOR values('I005', '백민기', '비뇨기과');
insert into DOCTOR values('I006', '한덕현', '비뇨기과');
insert into DOCTOR values('I007', '김연희', '재활의학과');
insert into DOCTOR values('I008', '성덕현', '재활의학과');
insert into DOCTOR values('I009', '권정이', '재활의학과');
insert into DOCTOR values('I010', '장원혁', '재활의학과');
insert into DOCTOR values('J001', '송근정', '응급의학과');
insert into DOCTOR values('J002', '최진호', '응급의학과');
insert into DOCTOR values('J003', '조익준', '응급의학과');
insert into DOCTOR values('J004', '심민섭', '응급의학과');
insert into DOCTOR values('J005', '신태건', '응급의학과');
insert into DOCTOR values('J006', '조현성', '마취통증의학과');
insert into DOCTOR values('J007', '이상민', '마취통증의학과');
insert into DOCTOR values('J008', '김갑수', '마취통증의학과');
insert into DOCTOR values('J009', '김정수', '마취통증의학과');
insert into DOCTOR values('J010', '함태수', '마취통증의학과');
insert into DOCTOR values('J011', '양미경', '마취통증의학과');
insert into DOCTOR values('J012', '이정진', '마취통증의학과');
insert into DOCTOR values('K001', '이정진', '치과');
insert into DOCTOR values('K002', '김정혜', '치과');
insert into DOCTOR values('K003', '계승범', '치과');
insert into DOCTOR values('K004', '박기태', '치과');
insert into DOCTOR values('K005', '유현미', '치과');
insert into DOCTOR values('K006', '최혜원', '치과');
insert into DOCTOR values('K007', '안재명', '치과');
insert into DOCTOR values('L001', '김형진', '영상의학과');
insert into DOCTOR values('L002', '도영수', '영상의학과');
insert into DOCTOR values('L003', '김성태', '영상의학과');
insert into DOCTOR values('L004', '이순진', '영상의학과');
insert into DOCTOR values('L005', '임현철', '영상의학과');
insert into DOCTOR values('L006', '박홍석', '영상의학과');
insert into DOCTOR values('L007', '김성현', '영상의학과');
insert into DOCTOR values('L008', '김찬교', '영상의학과');
insert into DOCTOR values('L009', '박병관', '영상의학과');
insert into DOCTOR values('L010', '김태정', '영상의학과');
insert into DOCTOR values('L011', '이민우', '영상의학과');
insert into DOCTOR values('L012', '김영곤', '영상의학과');
insert into DOCTOR values('L013', '한수연', '영상의학과');
insert into DOCTOR values('L014', '유재욱', '영상의학과');
----------------의료진 스케쥴------------------------
insert into D_SCHEDULE values('A001', to_date('2023/01/23 09:00:00', 'YYYY/MM/DD HH24:MI:SS'));
insert into D_SCHEDULE values('A001', to_date('2023/01/23 09:30:00', 'YYYY/MM/DD HH24:MI:SS'));
insert into D_SCHEDULE values('A001', to_date('2023/01/23 10:00:00', 'YYYY/MM/DD HH24:MI:SS'));
insert into D_SCHEDULE values('A001', to_date('2023/01/25 09:00:00', 'YYYY/MM/DD HH24:MI:SS'));
insert into D_SCHEDULE values('A001', to_date('2023/01/25 09:30:00', 'YYYY/MM/DD HH24:MI:SS'));
insert into D_SCHEDULE values('A001', to_date('2023/01/25 10:00:00', 'YYYY/MM/DD HH24:MI:SS'));
insert into D_SCHEDULE values('A001', to_date('2023/01/25 10:30:00', 'YYYY/MM/DD HH24:MI:SS'));
insert into D_SCHEDULE values('A001', to_date('2023/01/27 13:30:00', 'YYYY/MM/DD HH24:MI:SS'));
insert into D_SCHEDULE values('A001', to_date('2023/01/27 14:30:00', 'YYYY/MM/DD HH24:MI:SS'));
insert into D_SCHEDULE values('A001', to_date('2023/01/27 15:00:00', 'YYYY/MM/DD HH24:MI:SS'));

insert into D_SCHEDULE values('A002', to_date('2023/01/23 09:00:00', 'YYYY/MM/DD HH24:MI:SS'));
insert into D_SCHEDULE values('A002', to_date('2023/01/23 09:30:00', 'YYYY/MM/DD HH24:MI:SS'));
insert into D_SCHEDULE values('A002', to_date('2023/01/23 10:00:00', 'YYYY/MM/DD HH24:MI:SS'));
insert into D_SCHEDULE values('A002', to_date('2023/01/25 09:00:00', 'YYYY/MM/DD HH24:MI:SS'));
insert into D_SCHEDULE values('A002', to_date('2023/01/25 09:30:00', 'YYYY/MM/DD HH24:MI:SS'));
insert into D_SCHEDULE values('A002', to_date('2023/01/25 10:00:00', 'YYYY/MM/DD HH24:MI:SS'));
insert into D_SCHEDULE values('A002', to_date('2023/01/25 10:30:00', 'YYYY/MM/DD HH24:MI:SS'));
insert into D_SCHEDULE values('A002', to_date('2023/01/27 13:30:00', 'YYYY/MM/DD HH24:MI:SS'));
insert into D_SCHEDULE values('A002', to_date('2023/01/27 14:30:00', 'YYYY/MM/DD HH24:MI:SS'));
insert into D_SCHEDULE values('A002', to_date('2023/01/27 15:00:00', 'YYYY/MM/DD HH24:MI:SS'));

insert into D_SCHEDULE values('A003', to_date('2023/01/23 09:00:00', 'YYYY/MM/DD HH24:MI:SS'));
insert into D_SCHEDULE values('A003', to_date('2023/01/23 09:30:00', 'YYYY/MM/DD HH24:MI:SS'));
insert into D_SCHEDULE values('A003', to_date('2023/01/23 10:00:00', 'YYYY/MM/DD HH24:MI:SS'));
insert into D_SCHEDULE values('A003', to_date('2023/01/25 09:00:00', 'YYYY/MM/DD HH24:MI:SS'));
insert into D_SCHEDULE values('A003', to_date('2023/01/25 09:30:00', 'YYYY/MM/DD HH24:MI:SS'));
insert into D_SCHEDULE values('A003', to_date('2023/01/25 10:00:00', 'YYYY/MM/DD HH24:MI:SS'));
insert into D_SCHEDULE values('A003', to_date('2023/01/25 10:30:00', 'YYYY/MM/DD HH24:MI:SS'));
insert into D_SCHEDULE values('A003', to_date('2023/01/27 13:30:00', 'YYYY/MM/DD HH24:MI:SS'));
insert into D_SCHEDULE values('A003', to_date('2023/01/27 14:30:00', 'YYYY/MM/DD HH24:MI:SS'));
insert into D_SCHEDULE values('A003', to_date('2023/01/27 15:00:00', 'YYYY/MM/DD HH24:MI:SS'));

insert into D_SCHEDULE values('A004', to_date('2023/01/23 09:00:00', 'YYYY/MM/DD HH24:MI:SS'));
insert into D_SCHEDULE values('A004', to_date('2023/01/23 09:30:00', 'YYYY/MM/DD HH24:MI:SS'));
insert into D_SCHEDULE values('A004', to_date('2023/01/23 10:00:00', 'YYYY/MM/DD HH24:MI:SS'));
insert into D_SCHEDULE values('A004', to_date('2023/01/25 09:00:00', 'YYYY/MM/DD HH24:MI:SS'));
insert into D_SCHEDULE values('A004', to_date('2023/01/25 09:30:00', 'YYYY/MM/DD HH24:MI:SS'));
insert into D_SCHEDULE values('A004', to_date('2023/01/25 10:00:00', 'YYYY/MM/DD HH24:MI:SS'));
insert into D_SCHEDULE values('A004', to_date('2023/01/25 10:30:00', 'YYYY/MM/DD HH24:MI:SS'));
insert into D_SCHEDULE values('A004', to_date('2023/01/27 13:30:00', 'YYYY/MM/DD HH24:MI:SS'));
insert into D_SCHEDULE values('A004', to_date('2023/01/27 14:30:00', 'YYYY/MM/DD HH24:MI:SS'));
insert into D_SCHEDULE values('A004', to_date('2023/01/27 15:00:00', 'YYYY/MM/DD HH24:MI:SS'));

insert into D_SCHEDULE values('A005', to_date('2023/01/23 09:00:00', 'YYYY/MM/DD HH24:MI:SS'));
insert into D_SCHEDULE values('A005', to_date('2023/01/23 09:30:00', 'YYYY/MM/DD HH24:MI:SS'));
insert into D_SCHEDULE values('A005', to_date('2023/01/23 10:00:00', 'YYYY/MM/DD HH24:MI:SS'));
insert into D_SCHEDULE values('A005', to_date('2023/01/25 09:00:00', 'YYYY/MM/DD HH24:MI:SS'));
insert into D_SCHEDULE values('A005', to_date('2023/01/25 09:30:00', 'YYYY/MM/DD HH24:MI:SS'));
insert into D_SCHEDULE values('A005', to_date('2023/01/25 10:00:00', 'YYYY/MM/DD HH24:MI:SS'));
insert into D_SCHEDULE values('A005', to_date('2023/01/25 10:30:00', 'YYYY/MM/DD HH24:MI:SS'));
insert into D_SCHEDULE values('A005', to_date('2023/01/27 13:30:00', 'YYYY/MM/DD HH24:MI:SS'));
insert into D_SCHEDULE values('A005', to_date('2023/01/27 14:30:00', 'YYYY/MM/DD HH24:MI:SS'));
insert into D_SCHEDULE values('A005', to_date('2023/01/27 15:00:00', 'YYYY/MM/DD HH24:MI:SS'));

insert into D_SCHEDULE values('A006', to_date('2023/01/23 09:00:00', 'YYYY/MM/DD HH24:MI:SS'));
insert into D_SCHEDULE values('A006', to_date('2023/01/23 09:30:00', 'YYYY/MM/DD HH24:MI:SS'));
insert into D_SCHEDULE values('A006', to_date('2023/01/23 10:00:00', 'YYYY/MM/DD HH24:MI:SS'));
insert into D_SCHEDULE values('A006', to_date('2023/01/25 09:00:00', 'YYYY/MM/DD HH24:MI:SS'));
insert into D_SCHEDULE values('A006', to_date('2023/01/25 09:30:00', 'YYYY/MM/DD HH24:MI:SS'));
insert into D_SCHEDULE values('A006', to_date('2023/01/25 10:00:00', 'YYYY/MM/DD HH24:MI:SS'));
insert into D_SCHEDULE values('A006', to_date('2023/01/25 10:30:00', 'YYYY/MM/DD HH24:MI:SS'));
insert into D_SCHEDULE values('A006', to_date('2023/01/27 13:30:00', 'YYYY/MM/DD HH24:MI:SS'));
insert into D_SCHEDULE values('A006', to_date('2023/01/27 14:30:00', 'YYYY/MM/DD HH24:MI:SS'));
insert into D_SCHEDULE values('A006', to_date('2023/01/27 15:00:00', 'YYYY/MM/DD HH24:MI:SS'));

insert into D_SCHEDULE values('A007', to_date('2023/01/23 09:00:00', 'YYYY/MM/DD HH24:MI:SS'));
insert into D_SCHEDULE values('A007', to_date('2023/01/23 09:30:00', 'YYYY/MM/DD HH24:MI:SS'));
insert into D_SCHEDULE values('A007', to_date('2023/01/23 10:00:00', 'YYYY/MM/DD HH24:MI:SS'));
insert into D_SCHEDULE values('A007', to_date('2023/01/25 09:00:00', 'YYYY/MM/DD HH24:MI:SS'));
insert into D_SCHEDULE values('A007', to_date('2023/01/25 09:30:00', 'YYYY/MM/DD HH24:MI:SS'));
insert into D_SCHEDULE values('A007', to_date('2023/01/25 10:00:00', 'YYYY/MM/DD HH24:MI:SS'));
insert into D_SCHEDULE values('A007', to_date('2023/01/25 10:30:00', 'YYYY/MM/DD HH24:MI:SS'));
insert into D_SCHEDULE values('A007', to_date('2023/01/27 13:30:00', 'YYYY/MM/DD HH24:MI:SS'));
insert into D_SCHEDULE values('A007', to_date('2023/01/27 14:30:00', 'YYYY/MM/DD HH24:MI:SS'));
insert into D_SCHEDULE values('A007', to_date('2023/01/27 15:00:00', 'YYYY/MM/DD HH24:MI:SS'));

insert into D_SCHEDULE values('A008', to_date('2023/01/23 09:00:00', 'YYYY/MM/DD HH24:MI:SS'));
insert into D_SCHEDULE values('A008', to_date('2023/01/23 09:30:00', 'YYYY/MM/DD HH24:MI:SS'));
insert into D_SCHEDULE values('A008', to_date('2023/01/23 10:00:00', 'YYYY/MM/DD HH24:MI:SS'));
insert into D_SCHEDULE values('A008', to_date('2023/01/25 09:00:00', 'YYYY/MM/DD HH24:MI:SS'));
insert into D_SCHEDULE values('A008', to_date('2023/01/25 09:30:00', 'YYYY/MM/DD HH24:MI:SS'));
insert into D_SCHEDULE values('A008', to_date('2023/01/25 10:00:00', 'YYYY/MM/DD HH24:MI:SS'));
insert into D_SCHEDULE values('A008', to_date('2023/01/25 10:30:00', 'YYYY/MM/DD HH24:MI:SS'));
insert into D_SCHEDULE values('A008', to_date('2023/01/27 13:30:00', 'YYYY/MM/DD HH24:MI:SS'));
insert into D_SCHEDULE values('A008', to_date('2023/01/27 14:30:00', 'YYYY/MM/DD HH24:MI:SS'));
insert into D_SCHEDULE values('A008', to_date('2023/01/27 15:00:00', 'YYYY/MM/DD HH24:MI:SS'));

insert into D_SCHEDULE values('A009', to_date('2023/01/23 09:00:00', 'YYYY/MM/DD HH24:MI:SS'));
insert into D_SCHEDULE values('A009', to_date('2023/01/23 09:30:00', 'YYYY/MM/DD HH24:MI:SS'));
insert into D_SCHEDULE values('A009', to_date('2023/01/23 10:00:00', 'YYYY/MM/DD HH24:MI:SS'));
insert into D_SCHEDULE values('A009', to_date('2023/01/25 09:00:00', 'YYYY/MM/DD HH24:MI:SS'));
insert into D_SCHEDULE values('A009', to_date('2023/01/25 09:30:00', 'YYYY/MM/DD HH24:MI:SS'));
insert into D_SCHEDULE values('A009', to_date('2023/01/25 10:00:00', 'YYYY/MM/DD HH24:MI:SS'));
insert into D_SCHEDULE values('A009', to_date('2023/01/25 10:30:00', 'YYYY/MM/DD HH24:MI:SS'));
insert into D_SCHEDULE values('A009', to_date('2023/01/27 13:30:00', 'YYYY/MM/DD HH24:MI:SS'));
insert into D_SCHEDULE values('A009', to_date('2023/01/27 14:30:00', 'YYYY/MM/DD HH24:MI:SS'));
insert into D_SCHEDULE values('A009', to_date('2023/01/27 15:00:00', 'YYYY/MM/DD HH24:MI:SS'));

insert into D_SCHEDULE values('A010', to_date('2023/01/23 09:00:00', 'YYYY/MM/DD HH24:MI:SS'));
insert into D_SCHEDULE values('A010', to_date('2023/01/23 09:30:00', 'YYYY/MM/DD HH24:MI:SS'));
insert into D_SCHEDULE values('A010', to_date('2023/01/23 10:00:00', 'YYYY/MM/DD HH24:MI:SS'));
insert into D_SCHEDULE values('A010', to_date('2023/01/25 09:00:00', 'YYYY/MM/DD HH24:MI:SS'));
insert into D_SCHEDULE values('A010', to_date('2023/01/25 09:30:00', 'YYYY/MM/DD HH24:MI:SS'));
insert into D_SCHEDULE values('A010', to_date('2023/01/25 10:00:00', 'YYYY/MM/DD HH24:MI:SS'));
insert into D_SCHEDULE values('A010', to_date('2023/01/25 10:30:00', 'YYYY/MM/DD HH24:MI:SS'));
insert into D_SCHEDULE values('A010', to_date('2023/01/27 13:30:00', 'YYYY/MM/DD HH24:MI:SS'));
insert into D_SCHEDULE values('A010', to_date('2023/01/27 14:30:00', 'YYYY/MM/DD HH24:MI:SS'));
insert into D_SCHEDULE values('A010', to_date('2023/01/27 15:00:00', 'YYYY/MM/DD HH24:MI:SS'));

insert into D_SCHEDULE values('B001', to_date('2023/01/23 09:00:00', 'YYYY/MM/DD HH24:MI:SS'));
insert into D_SCHEDULE values('B001', to_date('2023/01/23 09:30:00', 'YYYY/MM/DD HH24:MI:SS'));
insert into D_SCHEDULE values('B001', to_date('2023/01/23 10:00:00', 'YYYY/MM/DD HH24:MI:SS'));
insert into D_SCHEDULE values('B001', to_date('2023/01/25 09:00:00', 'YYYY/MM/DD HH24:MI:SS'));
insert into D_SCHEDULE values('B001', to_date('2023/01/25 09:30:00', 'YYYY/MM/DD HH24:MI:SS'));
insert into D_SCHEDULE values('B001', to_date('2023/01/25 10:00:00', 'YYYY/MM/DD HH24:MI:SS'));
insert into D_SCHEDULE values('B001', to_date('2023/01/25 10:30:00', 'YYYY/MM/DD HH24:MI:SS'));
insert into D_SCHEDULE values('B001', to_date('2023/01/27 13:30:00', 'YYYY/MM/DD HH24:MI:SS'));
insert into D_SCHEDULE values('B001', to_date('2023/01/27 14:30:00', 'YYYY/MM/DD HH24:MI:SS'));
insert into D_SCHEDULE values('B001', to_date('2023/01/27 15:00:00', 'YYYY/MM/DD HH24:MI:SS'));

insert into D_SCHEDULE values('B002', to_date('2023/01/23 09:00:00', 'YYYY/MM/DD HH24:MI:SS'));
insert into D_SCHEDULE values('B002', to_date('2023/01/23 09:30:00', 'YYYY/MM/DD HH24:MI:SS'));
insert into D_SCHEDULE values('B002', to_date('2023/01/23 10:00:00', 'YYYY/MM/DD HH24:MI:SS'));
insert into D_SCHEDULE values('B002', to_date('2023/01/25 09:00:00', 'YYYY/MM/DD HH24:MI:SS'));
insert into D_SCHEDULE values('B002', to_date('2023/01/25 09:30:00', 'YYYY/MM/DD HH24:MI:SS'));
insert into D_SCHEDULE values('B002', to_date('2023/01/25 10:00:00', 'YYYY/MM/DD HH24:MI:SS'));
insert into D_SCHEDULE values('B002', to_date('2023/01/25 10:30:00', 'YYYY/MM/DD HH24:MI:SS'));
insert into D_SCHEDULE values('B002', to_date('2023/01/27 13:30:00', 'YYYY/MM/DD HH24:MI:SS'));
insert into D_SCHEDULE values('B002', to_date('2023/01/27 14:30:00', 'YYYY/MM/DD HH24:MI:SS'));
insert into D_SCHEDULE values('B002', to_date('2023/01/27 15:00:00', 'YYYY/MM/DD HH24:MI:SS'));

insert into D_SCHEDULE values('B003', to_date('2023/01/23 09:00:00', 'YYYY/MM/DD HH24:MI:SS'));
insert into D_SCHEDULE values('B003', to_date('2023/01/23 09:30:00', 'YYYY/MM/DD HH24:MI:SS'));
insert into D_SCHEDULE values('B003', to_date('2023/01/23 10:00:00', 'YYYY/MM/DD HH24:MI:SS'));
insert into D_SCHEDULE values('B003', to_date('2023/01/25 09:00:00', 'YYYY/MM/DD HH24:MI:SS'));
insert into D_SCHEDULE values('B003', to_date('2023/01/25 09:30:00', 'YYYY/MM/DD HH24:MI:SS'));
insert into D_SCHEDULE values('B003', to_date('2023/01/25 10:00:00', 'YYYY/MM/DD HH24:MI:SS'));
insert into D_SCHEDULE values('B003', to_date('2023/01/25 10:30:00', 'YYYY/MM/DD HH24:MI:SS'));
insert into D_SCHEDULE values('B003', to_date('2023/01/27 13:30:00', 'YYYY/MM/DD HH24:MI:SS'));
insert into D_SCHEDULE values('B003', to_date('2023/01/27 14:30:00', 'YYYY/MM/DD HH24:MI:SS'));
insert into D_SCHEDULE values('B003', to_date('2023/01/27 15:00:00', 'YYYY/MM/DD HH24:MI:SS'));

insert into D_SCHEDULE values('B004', to_date('2023/01/23 09:00:00', 'YYYY/MM/DD HH24:MI:SS'));
insert into D_SCHEDULE values('B004', to_date('2023/01/23 09:30:00', 'YYYY/MM/DD HH24:MI:SS'));
insert into D_SCHEDULE values('B004', to_date('2023/01/23 10:00:00', 'YYYY/MM/DD HH24:MI:SS'));
insert into D_SCHEDULE values('B004', to_date('2023/01/25 09:00:00', 'YYYY/MM/DD HH24:MI:SS'));
insert into D_SCHEDULE values('B004', to_date('2023/01/25 09:30:00', 'YYYY/MM/DD HH24:MI:SS'));
insert into D_SCHEDULE values('B004', to_date('2023/01/25 10:00:00', 'YYYY/MM/DD HH24:MI:SS'));
insert into D_SCHEDULE values('B004', to_date('2023/01/25 10:30:00', 'YYYY/MM/DD HH24:MI:SS'));
insert into D_SCHEDULE values('B004', to_date('2023/01/27 13:30:00', 'YYYY/MM/DD HH24:MI:SS'));
insert into D_SCHEDULE values('B004', to_date('2023/01/27 14:30:00', 'YYYY/MM/DD HH24:MI:SS'));
insert into D_SCHEDULE values('B004', to_date('2023/01/27 15:00:00', 'YYYY/MM/DD HH24:MI:SS'));

insert into D_SCHEDULE values('B005', to_date('2023/01/23 09:00:00', 'YYYY/MM/DD HH24:MI:SS'));
insert into D_SCHEDULE values('B005', to_date('2023/01/23 09:30:00', 'YYYY/MM/DD HH24:MI:SS'));
insert into D_SCHEDULE values('B005', to_date('2023/01/23 10:00:00', 'YYYY/MM/DD HH24:MI:SS'));
insert into D_SCHEDULE values('B005', to_date('2023/01/25 09:00:00', 'YYYY/MM/DD HH24:MI:SS'));
insert into D_SCHEDULE values('B005', to_date('2023/01/25 09:30:00', 'YYYY/MM/DD HH24:MI:SS'));
insert into D_SCHEDULE values('B005', to_date('2023/01/25 10:00:00', 'YYYY/MM/DD HH24:MI:SS'));
insert into D_SCHEDULE values('B005', to_date('2023/01/25 10:30:00', 'YYYY/MM/DD HH24:MI:SS'));
insert into D_SCHEDULE values('B005', to_date('2023/01/27 13:30:00', 'YYYY/MM/DD HH24:MI:SS'));
insert into D_SCHEDULE values('B005', to_date('2023/01/27 14:30:00', 'YYYY/MM/DD HH24:MI:SS'));
insert into D_SCHEDULE values('B005', to_date('2023/01/27 15:00:00', 'YYYY/MM/DD HH24:MI:SS'));

insert into D_SCHEDULE values('B006', to_date('2023/01/23 09:00:00', 'YYYY/MM/DD HH24:MI:SS'));
insert into D_SCHEDULE values('B006', to_date('2023/01/23 09:30:00', 'YYYY/MM/DD HH24:MI:SS'));
insert into D_SCHEDULE values('B006', to_date('2023/01/23 10:00:00', 'YYYY/MM/DD HH24:MI:SS'));
insert into D_SCHEDULE values('B006', to_date('2023/01/25 09:00:00', 'YYYY/MM/DD HH24:MI:SS'));
insert into D_SCHEDULE values('B006', to_date('2023/01/25 09:30:00', 'YYYY/MM/DD HH24:MI:SS'));
insert into D_SCHEDULE values('B006', to_date('2023/01/25 10:00:00', 'YYYY/MM/DD HH24:MI:SS'));
insert into D_SCHEDULE values('B006', to_date('2023/01/25 10:30:00', 'YYYY/MM/DD HH24:MI:SS'));
insert into D_SCHEDULE values('B006', to_date('2023/01/27 13:30:00', 'YYYY/MM/DD HH24:MI:SS'));
insert into D_SCHEDULE values('B006', to_date('2023/01/27 14:30:00', 'YYYY/MM/DD HH24:MI:SS'));
insert into D_SCHEDULE values('B006', to_date('2023/01/27 15:00:00', 'YYYY/MM/DD HH24:MI:SS'));

insert into D_SCHEDULE values('B007', to_date('2023/01/23 09:00:00', 'YYYY/MM/DD HH24:MI:SS'));
insert into D_SCHEDULE values('B007', to_date('2023/01/23 09:30:00', 'YYYY/MM/DD HH24:MI:SS'));
insert into D_SCHEDULE values('B007', to_date('2023/01/23 10:00:00', 'YYYY/MM/DD HH24:MI:SS'));
insert into D_SCHEDULE values('B007', to_date('2023/01/25 09:00:00', 'YYYY/MM/DD HH24:MI:SS'));
insert into D_SCHEDULE values('B007', to_date('2023/01/25 09:30:00', 'YYYY/MM/DD HH24:MI:SS'));
insert into D_SCHEDULE values('B007', to_date('2023/01/25 10:00:00', 'YYYY/MM/DD HH24:MI:SS'));
insert into D_SCHEDULE values('B007', to_date('2023/01/25 10:30:00', 'YYYY/MM/DD HH24:MI:SS'));
insert into D_SCHEDULE values('B007', to_date('2023/01/27 13:30:00', 'YYYY/MM/DD HH24:MI:SS'));
insert into D_SCHEDULE values('B007', to_date('2023/01/27 14:30:00', 'YYYY/MM/DD HH24:MI:SS'));
insert into D_SCHEDULE values('B007', to_date('2023/01/27 15:00:00', 'YYYY/MM/DD HH24:MI:SS'));

insert into D_SCHEDULE values('B008', to_date('2023/01/23 09:00:00', 'YYYY/MM/DD HH24:MI:SS'));
insert into D_SCHEDULE values('B008', to_date('2023/01/23 09:30:00', 'YYYY/MM/DD HH24:MI:SS'));
insert into D_SCHEDULE values('B008', to_date('2023/01/23 10:00:00', 'YYYY/MM/DD HH24:MI:SS'));
insert into D_SCHEDULE values('B008', to_date('2023/01/25 09:00:00', 'YYYY/MM/DD HH24:MI:SS'));
insert into D_SCHEDULE values('B008', to_date('2023/01/25 09:30:00', 'YYYY/MM/DD HH24:MI:SS'));
insert into D_SCHEDULE values('B008', to_date('2023/01/25 10:00:00', 'YYYY/MM/DD HH24:MI:SS'));
insert into D_SCHEDULE values('B008', to_date('2023/01/25 10:30:00', 'YYYY/MM/DD HH24:MI:SS'));
insert into D_SCHEDULE values('B008', to_date('2023/01/27 13:30:00', 'YYYY/MM/DD HH24:MI:SS'));
insert into D_SCHEDULE values('B008', to_date('2023/01/27 14:30:00', 'YYYY/MM/DD HH24:MI:SS'));
insert into D_SCHEDULE values('B008', to_date('2023/01/27 15:00:00', 'YYYY/MM/DD HH24:MI:SS'));

insert into D_SCHEDULE values('C001', to_date('2023/01/23 09:00:00', 'YYYY/MM/DD HH24:MI:SS'));
insert into D_SCHEDULE values('C001', to_date('2023/01/23 09:30:00', 'YYYY/MM/DD HH24:MI:SS'));
insert into D_SCHEDULE values('C001', to_date('2023/01/23 10:00:00', 'YYYY/MM/DD HH24:MI:SS'));
insert into D_SCHEDULE values('C001', to_date('2023/01/25 09:00:00', 'YYYY/MM/DD HH24:MI:SS'));
insert into D_SCHEDULE values('C001', to_date('2023/01/25 09:30:00', 'YYYY/MM/DD HH24:MI:SS'));
insert into D_SCHEDULE values('C001', to_date('2023/01/25 10:00:00', 'YYYY/MM/DD HH24:MI:SS'));
insert into D_SCHEDULE values('C001', to_date('2023/01/25 10:30:00', 'YYYY/MM/DD HH24:MI:SS'));
insert into D_SCHEDULE values('C001', to_date('2023/01/27 13:30:00', 'YYYY/MM/DD HH24:MI:SS'));
insert into D_SCHEDULE values('C001', to_date('2023/01/27 14:30:00', 'YYYY/MM/DD HH24:MI:SS'));
insert into D_SCHEDULE values('C001', to_date('2023/01/27 15:00:00', 'YYYY/MM/DD HH24:MI:SS'));

insert into D_SCHEDULE values('C002', to_date('2023/01/23 09:00:00', 'YYYY/MM/DD HH24:MI:SS'));
insert into D_SCHEDULE values('C002', to_date('2023/01/23 09:30:00', 'YYYY/MM/DD HH24:MI:SS'));
insert into D_SCHEDULE values('C002', to_date('2023/01/23 10:00:00', 'YYYY/MM/DD HH24:MI:SS'));
insert into D_SCHEDULE values('C002', to_date('2023/01/25 09:00:00', 'YYYY/MM/DD HH24:MI:SS'));
insert into D_SCHEDULE values('C002', to_date('2023/01/25 09:30:00', 'YYYY/MM/DD HH24:MI:SS'));
insert into D_SCHEDULE values('C002', to_date('2023/01/25 10:00:00', 'YYYY/MM/DD HH24:MI:SS'));
insert into D_SCHEDULE values('C002', to_date('2023/01/25 10:30:00', 'YYYY/MM/DD HH24:MI:SS'));
insert into D_SCHEDULE values('C002', to_date('2023/01/27 13:30:00', 'YYYY/MM/DD HH24:MI:SS'));
insert into D_SCHEDULE values('C002', to_date('2023/01/27 14:30:00', 'YYYY/MM/DD HH24:MI:SS'));
insert into D_SCHEDULE values('C002', to_date('2023/01/27 15:00:00', 'YYYY/MM/DD HH24:MI:SS'));

insert into D_SCHEDULE values('C003', to_date('2023/01/23 09:00:00', 'YYYY/MM/DD HH24:MI:SS'));
insert into D_SCHEDULE values('C003', to_date('2023/01/23 09:30:00', 'YYYY/MM/DD HH24:MI:SS'));
insert into D_SCHEDULE values('C003', to_date('2023/01/23 10:00:00', 'YYYY/MM/DD HH24:MI:SS'));
insert into D_SCHEDULE values('C003', to_date('2023/01/25 09:00:00', 'YYYY/MM/DD HH24:MI:SS'));
insert into D_SCHEDULE values('C003', to_date('2023/01/25 09:30:00', 'YYYY/MM/DD HH24:MI:SS'));
insert into D_SCHEDULE values('C003', to_date('2023/01/25 10:00:00', 'YYYY/MM/DD HH24:MI:SS'));
insert into D_SCHEDULE values('C003', to_date('2023/01/25 10:30:00', 'YYYY/MM/DD HH24:MI:SS'));
insert into D_SCHEDULE values('C003', to_date('2023/01/27 13:30:00', 'YYYY/MM/DD HH24:MI:SS'));
insert into D_SCHEDULE values('C003', to_date('2023/01/27 14:30:00', 'YYYY/MM/DD HH24:MI:SS'));
insert into D_SCHEDULE values('C003', to_date('2023/01/27 15:00:00', 'YYYY/MM/DD HH24:MI:SS'));

insert into D_SCHEDULE values('C004', to_date('2023/01/23 09:00:00', 'YYYY/MM/DD HH24:MI:SS'));
insert into D_SCHEDULE values('C004', to_date('2023/01/23 09:30:00', 'YYYY/MM/DD HH24:MI:SS'));
insert into D_SCHEDULE values('C004', to_date('2023/01/23 10:00:00', 'YYYY/MM/DD HH24:MI:SS'));
insert into D_SCHEDULE values('C004', to_date('2023/01/25 09:00:00', 'YYYY/MM/DD HH24:MI:SS'));
insert into D_SCHEDULE values('C004', to_date('2023/01/25 09:30:00', 'YYYY/MM/DD HH24:MI:SS'));
insert into D_SCHEDULE values('C004', to_date('2023/01/25 10:00:00', 'YYYY/MM/DD HH24:MI:SS'));
insert into D_SCHEDULE values('C004', to_date('2023/01/25 10:30:00', 'YYYY/MM/DD HH24:MI:SS'));
insert into D_SCHEDULE values('C004', to_date('2023/01/27 13:30:00', 'YYYY/MM/DD HH24:MI:SS'));
insert into D_SCHEDULE values('C004', to_date('2023/01/27 14:30:00', 'YYYY/MM/DD HH24:MI:SS'));
insert into D_SCHEDULE values('C004', to_date('2023/01/27 15:00:00', 'YYYY/MM/DD HH24:MI:SS'));

insert into D_SCHEDULE values('C005', to_date('2023/01/23 09:00:00', 'YYYY/MM/DD HH24:MI:SS'));
insert into D_SCHEDULE values('C005', to_date('2023/01/23 09:30:00', 'YYYY/MM/DD HH24:MI:SS'));
insert into D_SCHEDULE values('C005', to_date('2023/01/23 10:00:00', 'YYYY/MM/DD HH24:MI:SS'));
insert into D_SCHEDULE values('C005', to_date('2023/01/25 09:00:00', 'YYYY/MM/DD HH24:MI:SS'));
insert into D_SCHEDULE values('C005', to_date('2023/01/25 09:30:00', 'YYYY/MM/DD HH24:MI:SS'));
insert into D_SCHEDULE values('C005', to_date('2023/01/25 10:00:00', 'YYYY/MM/DD HH24:MI:SS'));
insert into D_SCHEDULE values('C005', to_date('2023/01/25 10:30:00', 'YYYY/MM/DD HH24:MI:SS'));
insert into D_SCHEDULE values('C005', to_date('2023/01/27 13:30:00', 'YYYY/MM/DD HH24:MI:SS'));
insert into D_SCHEDULE values('C005', to_date('2023/01/27 14:30:00', 'YYYY/MM/DD HH24:MI:SS'));
insert into D_SCHEDULE values('C005', to_date('2023/01/27 15:00:00', 'YYYY/MM/DD HH24:MI:SS'));

insert into D_SCHEDULE values('C006', to_date('2023/01/23 09:00:00', 'YYYY/MM/DD HH24:MI:SS'));
insert into D_SCHEDULE values('C006', to_date('2023/01/23 09:30:00', 'YYYY/MM/DD HH24:MI:SS'));
insert into D_SCHEDULE values('C006', to_date('2023/01/23 10:00:00', 'YYYY/MM/DD HH24:MI:SS'));
insert into D_SCHEDULE values('C006', to_date('2023/01/25 09:00:00', 'YYYY/MM/DD HH24:MI:SS'));
insert into D_SCHEDULE values('C006', to_date('2023/01/25 09:30:00', 'YYYY/MM/DD HH24:MI:SS'));
insert into D_SCHEDULE values('C006', to_date('2023/01/25 10:00:00', 'YYYY/MM/DD HH24:MI:SS'));
insert into D_SCHEDULE values('C006', to_date('2023/01/25 10:30:00', 'YYYY/MM/DD HH24:MI:SS'));
insert into D_SCHEDULE values('C006', to_date('2023/01/27 13:30:00', 'YYYY/MM/DD HH24:MI:SS'));
insert into D_SCHEDULE values('C006', to_date('2023/01/27 14:30:00', 'YYYY/MM/DD HH24:MI:SS'));
insert into D_SCHEDULE values('C006', to_date('2023/01/27 15:00:00', 'YYYY/MM/DD HH24:MI:SS'));

insert into D_SCHEDULE values('C007', to_date('2023/01/23 09:00:00', 'YYYY/MM/DD HH24:MI:SS'));
insert into D_SCHEDULE values('C007', to_date('2023/01/23 09:30:00', 'YYYY/MM/DD HH24:MI:SS'));
insert into D_SCHEDULE values('C007', to_date('2023/01/23 10:00:00', 'YYYY/MM/DD HH24:MI:SS'));
insert into D_SCHEDULE values('C007', to_date('2023/01/25 09:00:00', 'YYYY/MM/DD HH24:MI:SS'));
insert into D_SCHEDULE values('C007', to_date('2023/01/25 09:30:00', 'YYYY/MM/DD HH24:MI:SS'));
insert into D_SCHEDULE values('C007', to_date('2023/01/25 10:00:00', 'YYYY/MM/DD HH24:MI:SS'));
insert into D_SCHEDULE values('C007', to_date('2023/01/25 10:30:00', 'YYYY/MM/DD HH24:MI:SS'));
insert into D_SCHEDULE values('C007', to_date('2023/01/27 13:30:00', 'YYYY/MM/DD HH24:MI:SS'));
insert into D_SCHEDULE values('C007', to_date('2023/01/27 14:30:00', 'YYYY/MM/DD HH24:MI:SS'));
insert into D_SCHEDULE values('C007', to_date('2023/01/27 15:00:00', 'YYYY/MM/DD HH24:MI:SS'));

insert into D_SCHEDULE values('C008', to_date('2023/01/23 09:00:00', 'YYYY/MM/DD HH24:MI:SS'));
insert into D_SCHEDULE values('C008', to_date('2023/01/23 09:30:00', 'YYYY/MM/DD HH24:MI:SS'));
insert into D_SCHEDULE values('C008', to_date('2023/01/23 10:00:00', 'YYYY/MM/DD HH24:MI:SS'));
insert into D_SCHEDULE values('C008', to_date('2023/01/25 09:00:00', 'YYYY/MM/DD HH24:MI:SS'));
insert into D_SCHEDULE values('C008', to_date('2023/01/25 09:30:00', 'YYYY/MM/DD HH24:MI:SS'));
insert into D_SCHEDULE values('C008', to_date('2023/01/25 10:00:00', 'YYYY/MM/DD HH24:MI:SS'));
insert into D_SCHEDULE values('C008', to_date('2023/01/25 10:30:00', 'YYYY/MM/DD HH24:MI:SS'));
insert into D_SCHEDULE values('C008', to_date('2023/01/27 13:30:00', 'YYYY/MM/DD HH24:MI:SS'));
insert into D_SCHEDULE values('C008', to_date('2023/01/27 14:30:00', 'YYYY/MM/DD HH24:MI:SS'));
insert into D_SCHEDULE values('C008', to_date('2023/01/27 15:00:00', 'YYYY/MM/DD HH24:MI:SS'));

insert into D_SCHEDULE values('D001', to_date('2023/01/23 09:00:00', 'YYYY/MM/DD HH24:MI:SS'));
insert into D_SCHEDULE values('D001', to_date('2023/01/23 09:30:00', 'YYYY/MM/DD HH24:MI:SS'));
insert into D_SCHEDULE values('D001', to_date('2023/01/23 10:00:00', 'YYYY/MM/DD HH24:MI:SS'));
insert into D_SCHEDULE values('D001', to_date('2023/01/25 09:00:00', 'YYYY/MM/DD HH24:MI:SS'));
insert into D_SCHEDULE values('D001', to_date('2023/01/25 09:30:00', 'YYYY/MM/DD HH24:MI:SS'));
insert into D_SCHEDULE values('D001', to_date('2023/01/25 10:00:00', 'YYYY/MM/DD HH24:MI:SS'));
insert into D_SCHEDULE values('D001', to_date('2023/01/25 10:30:00', 'YYYY/MM/DD HH24:MI:SS'));
insert into D_SCHEDULE values('D001', to_date('2023/01/27 13:30:00', 'YYYY/MM/DD HH24:MI:SS'));
insert into D_SCHEDULE values('D001', to_date('2023/01/27 14:30:00', 'YYYY/MM/DD HH24:MI:SS'));
insert into D_SCHEDULE values('D001', to_date('2023/01/27 15:00:00', 'YYYY/MM/DD HH24:MI:SS'));

insert into D_SCHEDULE values('D002', to_date('2023/01/23 09:00:00', 'YYYY/MM/DD HH24:MI:SS'));
insert into D_SCHEDULE values('D002', to_date('2023/01/23 09:30:00', 'YYYY/MM/DD HH24:MI:SS'));
insert into D_SCHEDULE values('D002', to_date('2023/01/23 10:00:00', 'YYYY/MM/DD HH24:MI:SS'));
insert into D_SCHEDULE values('D002', to_date('2023/01/25 09:00:00', 'YYYY/MM/DD HH24:MI:SS'));
insert into D_SCHEDULE values('D002', to_date('2023/01/25 09:30:00', 'YYYY/MM/DD HH24:MI:SS'));
insert into D_SCHEDULE values('D002', to_date('2023/01/25 10:00:00', 'YYYY/MM/DD HH24:MI:SS'));
insert into D_SCHEDULE values('D002', to_date('2023/01/25 10:30:00', 'YYYY/MM/DD HH24:MI:SS'));
insert into D_SCHEDULE values('D002', to_date('2023/01/27 13:30:00', 'YYYY/MM/DD HH24:MI:SS'));
insert into D_SCHEDULE values('D002', to_date('2023/01/27 14:30:00', 'YYYY/MM/DD HH24:MI:SS'));
insert into D_SCHEDULE values('D002', to_date('2023/01/27 15:00:00', 'YYYY/MM/DD HH24:MI:SS'));

insert into D_SCHEDULE values('D003', to_date('2023/01/23 09:00:00', 'YYYY/MM/DD HH24:MI:SS'));
insert into D_SCHEDULE values('D003', to_date('2023/01/23 09:30:00', 'YYYY/MM/DD HH24:MI:SS'));
insert into D_SCHEDULE values('D003', to_date('2023/01/23 10:00:00', 'YYYY/MM/DD HH24:MI:SS'));
insert into D_SCHEDULE values('D003', to_date('2023/01/25 09:00:00', 'YYYY/MM/DD HH24:MI:SS'));
insert into D_SCHEDULE values('D003', to_date('2023/01/25 09:30:00', 'YYYY/MM/DD HH24:MI:SS'));
insert into D_SCHEDULE values('D003', to_date('2023/01/25 10:00:00', 'YYYY/MM/DD HH24:MI:SS'));
insert into D_SCHEDULE values('D003', to_date('2023/01/25 10:30:00', 'YYYY/MM/DD HH24:MI:SS'));
insert into D_SCHEDULE values('D003', to_date('2023/01/27 13:30:00', 'YYYY/MM/DD HH24:MI:SS'));
insert into D_SCHEDULE values('D003', to_date('2023/01/27 14:30:00', 'YYYY/MM/DD HH24:MI:SS'));
insert into D_SCHEDULE values('D003', to_date('2023/01/27 15:00:00', 'YYYY/MM/DD HH24:MI:SS'));

insert into D_SCHEDULE values('D004', to_date('2023/01/23 09:00:00', 'YYYY/MM/DD HH24:MI:SS'));
insert into D_SCHEDULE values('D004', to_date('2023/01/23 09:30:00', 'YYYY/MM/DD HH24:MI:SS'));
insert into D_SCHEDULE values('D004', to_date('2023/01/23 10:00:00', 'YYYY/MM/DD HH24:MI:SS'));
insert into D_SCHEDULE values('D004', to_date('2023/01/25 09:00:00', 'YYYY/MM/DD HH24:MI:SS'));
insert into D_SCHEDULE values('D004', to_date('2023/01/25 09:30:00', 'YYYY/MM/DD HH24:MI:SS'));
insert into D_SCHEDULE values('D004', to_date('2023/01/25 10:00:00', 'YYYY/MM/DD HH24:MI:SS'));
insert into D_SCHEDULE values('D004', to_date('2023/01/25 10:30:00', 'YYYY/MM/DD HH24:MI:SS'));
insert into D_SCHEDULE values('D004', to_date('2023/01/27 13:30:00', 'YYYY/MM/DD HH24:MI:SS'));
insert into D_SCHEDULE values('D004', to_date('2023/01/27 14:30:00', 'YYYY/MM/DD HH24:MI:SS'));
insert into D_SCHEDULE values('D004', to_date('2023/01/27 15:00:00', 'YYYY/MM/DD HH24:MI:SS'));

insert into D_SCHEDULE values('D005', to_date('2023/01/23 09:00:00', 'YYYY/MM/DD HH24:MI:SS'));
insert into D_SCHEDULE values('D005', to_date('2023/01/23 09:30:00', 'YYYY/MM/DD HH24:MI:SS'));
insert into D_SCHEDULE values('D005', to_date('2023/01/23 10:00:00', 'YYYY/MM/DD HH24:MI:SS'));
insert into D_SCHEDULE values('D005', to_date('2023/01/25 09:00:00', 'YYYY/MM/DD HH24:MI:SS'));
insert into D_SCHEDULE values('D005', to_date('2023/01/25 09:30:00', 'YYYY/MM/DD HH24:MI:SS'));
insert into D_SCHEDULE values('D005', to_date('2023/01/25 10:00:00', 'YYYY/MM/DD HH24:MI:SS'));
insert into D_SCHEDULE values('D005', to_date('2023/01/25 10:30:00', 'YYYY/MM/DD HH24:MI:SS'));
insert into D_SCHEDULE values('D005', to_date('2023/01/27 13:30:00', 'YYYY/MM/DD HH24:MI:SS'));
insert into D_SCHEDULE values('D005', to_date('2023/01/27 14:30:00', 'YYYY/MM/DD HH24:MI:SS'));
insert into D_SCHEDULE values('D005', to_date('2023/01/27 15:00:00', 'YYYY/MM/DD HH24:MI:SS'));

insert into D_SCHEDULE values('D006', to_date('2023/01/23 09:00:00', 'YYYY/MM/DD HH24:MI:SS'));
insert into D_SCHEDULE values('D006', to_date('2023/01/23 09:30:00', 'YYYY/MM/DD HH24:MI:SS'));
insert into D_SCHEDULE values('D006', to_date('2023/01/23 10:00:00', 'YYYY/MM/DD HH24:MI:SS'));
insert into D_SCHEDULE values('D006', to_date('2023/01/25 09:00:00', 'YYYY/MM/DD HH24:MI:SS'));
insert into D_SCHEDULE values('D006', to_date('2023/01/25 09:30:00', 'YYYY/MM/DD HH24:MI:SS'));
insert into D_SCHEDULE values('D006', to_date('2023/01/25 10:00:00', 'YYYY/MM/DD HH24:MI:SS'));
insert into D_SCHEDULE values('D006', to_date('2023/01/25 10:30:00', 'YYYY/MM/DD HH24:MI:SS'));
insert into D_SCHEDULE values('D006', to_date('2023/01/27 13:30:00', 'YYYY/MM/DD HH24:MI:SS'));
insert into D_SCHEDULE values('D006', to_date('2023/01/27 14:30:00', 'YYYY/MM/DD HH24:MI:SS'));
insert into D_SCHEDULE values('D006', to_date('2023/01/27 15:00:00', 'YYYY/MM/DD HH24:MI:SS'));

insert into D_SCHEDULE values('D007', to_date('2023/01/23 09:00:00', 'YYYY/MM/DD HH24:MI:SS'));
insert into D_SCHEDULE values('D007', to_date('2023/01/23 09:30:00', 'YYYY/MM/DD HH24:MI:SS'));
insert into D_SCHEDULE values('D007', to_date('2023/01/23 10:00:00', 'YYYY/MM/DD HH24:MI:SS'));
insert into D_SCHEDULE values('D007', to_date('2023/01/25 09:00:00', 'YYYY/MM/DD HH24:MI:SS'));
insert into D_SCHEDULE values('D007', to_date('2023/01/25 09:30:00', 'YYYY/MM/DD HH24:MI:SS'));
insert into D_SCHEDULE values('D007', to_date('2023/01/25 10:00:00', 'YYYY/MM/DD HH24:MI:SS'));
insert into D_SCHEDULE values('D007', to_date('2023/01/25 10:30:00', 'YYYY/MM/DD HH24:MI:SS'));
insert into D_SCHEDULE values('D007', to_date('2023/01/27 13:30:00', 'YYYY/MM/DD HH24:MI:SS'));
insert into D_SCHEDULE values('D007', to_date('2023/01/27 14:30:00', 'YYYY/MM/DD HH24:MI:SS'));
insert into D_SCHEDULE values('D007', to_date('2023/01/27 15:00:00', 'YYYY/MM/DD HH24:MI:SS'));

insert into D_SCHEDULE values('D008', to_date('2023/01/23 09:00:00', 'YYYY/MM/DD HH24:MI:SS'));
insert into D_SCHEDULE values('D008', to_date('2023/01/23 09:30:00', 'YYYY/MM/DD HH24:MI:SS'));
insert into D_SCHEDULE values('D008', to_date('2023/01/23 10:00:00', 'YYYY/MM/DD HH24:MI:SS'));
insert into D_SCHEDULE values('D008', to_date('2023/01/25 09:00:00', 'YYYY/MM/DD HH24:MI:SS'));
insert into D_SCHEDULE values('D008', to_date('2023/01/25 09:30:00', 'YYYY/MM/DD HH24:MI:SS'));
insert into D_SCHEDULE values('D008', to_date('2023/01/25 10:00:00', 'YYYY/MM/DD HH24:MI:SS'));
insert into D_SCHEDULE values('D008', to_date('2023/01/25 10:30:00', 'YYYY/MM/DD HH24:MI:SS'));
insert into D_SCHEDULE values('D008', to_date('2023/01/27 13:30:00', 'YYYY/MM/DD HH24:MI:SS'));
insert into D_SCHEDULE values('D008', to_date('2023/01/27 14:30:00', 'YYYY/MM/DD HH24:MI:SS'));
insert into D_SCHEDULE values('D008', to_date('2023/01/27 15:00:00', 'YYYY/MM/DD HH24:MI:SS'));

insert into D_SCHEDULE values('D009', to_date('2023/01/23 09:00:00', 'YYYY/MM/DD HH24:MI:SS'));
insert into D_SCHEDULE values('D009', to_date('2023/01/23 09:30:00', 'YYYY/MM/DD HH24:MI:SS'));
insert into D_SCHEDULE values('D009', to_date('2023/01/23 10:00:00', 'YYYY/MM/DD HH24:MI:SS'));
insert into D_SCHEDULE values('D009', to_date('2023/01/25 09:00:00', 'YYYY/MM/DD HH24:MI:SS'));
insert into D_SCHEDULE values('D009', to_date('2023/01/25 09:30:00', 'YYYY/MM/DD HH24:MI:SS'));
insert into D_SCHEDULE values('D009', to_date('2023/01/25 10:00:00', 'YYYY/MM/DD HH24:MI:SS'));
insert into D_SCHEDULE values('D009', to_date('2023/01/25 10:30:00', 'YYYY/MM/DD HH24:MI:SS'));
insert into D_SCHEDULE values('D009', to_date('2023/01/27 13:30:00', 'YYYY/MM/DD HH24:MI:SS'));
insert into D_SCHEDULE values('D009', to_date('2023/01/27 14:30:00', 'YYYY/MM/DD HH24:MI:SS'));
insert into D_SCHEDULE values('D009', to_date('2023/01/27 15:00:00', 'YYYY/MM/DD HH24:MI:SS'));

insert into D_SCHEDULE values('D010', to_date('2023/01/23 09:00:00', 'YYYY/MM/DD HH24:MI:SS'));
insert into D_SCHEDULE values('D010', to_date('2023/01/23 09:30:00', 'YYYY/MM/DD HH24:MI:SS'));
insert into D_SCHEDULE values('D010', to_date('2023/01/23 10:00:00', 'YYYY/MM/DD HH24:MI:SS'));
insert into D_SCHEDULE values('D010', to_date('2023/01/25 09:00:00', 'YYYY/MM/DD HH24:MI:SS'));
insert into D_SCHEDULE values('D010', to_date('2023/01/25 09:30:00', 'YYYY/MM/DD HH24:MI:SS'));
insert into D_SCHEDULE values('D010', to_date('2023/01/25 10:00:00', 'YYYY/MM/DD HH24:MI:SS'));
insert into D_SCHEDULE values('D010', to_date('2023/01/25 10:30:00', 'YYYY/MM/DD HH24:MI:SS'));
insert into D_SCHEDULE values('D010', to_date('2023/01/27 13:30:00', 'YYYY/MM/DD HH24:MI:SS'));
insert into D_SCHEDULE values('D010', to_date('2023/01/27 14:30:00', 'YYYY/MM/DD HH24:MI:SS'));
insert into D_SCHEDULE values('D010', to_date('2023/01/27 15:00:00', 'YYYY/MM/DD HH24:MI:SS'));

insert into D_SCHEDULE values('D011', to_date('2023/01/23 09:00:00', 'YYYY/MM/DD HH24:MI:SS'));
insert into D_SCHEDULE values('D011', to_date('2023/01/23 09:30:00', 'YYYY/MM/DD HH24:MI:SS'));
insert into D_SCHEDULE values('D011', to_date('2023/01/23 10:00:00', 'YYYY/MM/DD HH24:MI:SS'));
insert into D_SCHEDULE values('D011', to_date('2023/01/25 09:00:00', 'YYYY/MM/DD HH24:MI:SS'));
insert into D_SCHEDULE values('D011', to_date('2023/01/25 09:30:00', 'YYYY/MM/DD HH24:MI:SS'));
insert into D_SCHEDULE values('D011', to_date('2023/01/25 10:00:00', 'YYYY/MM/DD HH24:MI:SS'));
insert into D_SCHEDULE values('D011', to_date('2023/01/25 10:30:00', 'YYYY/MM/DD HH24:MI:SS'));
insert into D_SCHEDULE values('D011', to_date('2023/01/27 13:30:00', 'YYYY/MM/DD HH24:MI:SS'));
insert into D_SCHEDULE values('D011', to_date('2023/01/27 14:30:00', 'YYYY/MM/DD HH24:MI:SS'));
insert into D_SCHEDULE values('D011', to_date('2023/01/27 15:00:00', 'YYYY/MM/DD HH24:MI:SS'));

insert into D_SCHEDULE values('D012', to_date('2023/01/23 09:00:00', 'YYYY/MM/DD HH24:MI:SS'));
insert into D_SCHEDULE values('D012', to_date('2023/01/23 09:30:00', 'YYYY/MM/DD HH24:MI:SS'));
insert into D_SCHEDULE values('D012', to_date('2023/01/23 10:00:00', 'YYYY/MM/DD HH24:MI:SS'));
insert into D_SCHEDULE values('D012', to_date('2023/01/25 09:00:00', 'YYYY/MM/DD HH24:MI:SS'));
insert into D_SCHEDULE values('D012', to_date('2023/01/25 09:30:00', 'YYYY/MM/DD HH24:MI:SS'));
insert into D_SCHEDULE values('D012', to_date('2023/01/25 10:00:00', 'YYYY/MM/DD HH24:MI:SS'));
insert into D_SCHEDULE values('D012', to_date('2023/01/25 10:30:00', 'YYYY/MM/DD HH24:MI:SS'));
insert into D_SCHEDULE values('D012', to_date('2023/01/27 13:30:00', 'YYYY/MM/DD HH24:MI:SS'));
insert into D_SCHEDULE values('D012', to_date('2023/01/27 14:30:00', 'YYYY/MM/DD HH24:MI:SS'));
insert into D_SCHEDULE values('D012', to_date('2023/01/27 15:00:00', 'YYYY/MM/DD HH24:MI:SS'));

insert into D_SCHEDULE values('D013', to_date('2023/01/23 09:00:00', 'YYYY/MM/DD HH24:MI:SS'));
insert into D_SCHEDULE values('D013', to_date('2023/01/23 09:30:00', 'YYYY/MM/DD HH24:MI:SS'));
insert into D_SCHEDULE values('D013', to_date('2023/01/23 10:00:00', 'YYYY/MM/DD HH24:MI:SS'));
insert into D_SCHEDULE values('D013', to_date('2023/01/25 09:00:00', 'YYYY/MM/DD HH24:MI:SS'));
insert into D_SCHEDULE values('D013', to_date('2023/01/25 09:30:00', 'YYYY/MM/DD HH24:MI:SS'));
insert into D_SCHEDULE values('D013', to_date('2023/01/25 10:00:00', 'YYYY/MM/DD HH24:MI:SS'));
insert into D_SCHEDULE values('D013', to_date('2023/01/25 10:30:00', 'YYYY/MM/DD HH24:MI:SS'));
insert into D_SCHEDULE values('D013', to_date('2023/01/27 13:30:00', 'YYYY/MM/DD HH24:MI:SS'));
insert into D_SCHEDULE values('D013', to_date('2023/01/27 14:30:00', 'YYYY/MM/DD HH24:MI:SS'));
insert into D_SCHEDULE values('D013', to_date('2023/01/27 15:00:00', 'YYYY/MM/DD HH24:MI:SS'));

insert into D_SCHEDULE values('D014', to_date('2023/01/23 09:00:00', 'YYYY/MM/DD HH24:MI:SS'));
insert into D_SCHEDULE values('D014', to_date('2023/01/23 09:30:00', 'YYYY/MM/DD HH24:MI:SS'));
insert into D_SCHEDULE values('D014', to_date('2023/01/23 10:00:00', 'YYYY/MM/DD HH24:MI:SS'));
insert into D_SCHEDULE values('D014', to_date('2023/01/25 09:00:00', 'YYYY/MM/DD HH24:MI:SS'));
insert into D_SCHEDULE values('D014', to_date('2023/01/25 09:30:00', 'YYYY/MM/DD HH24:MI:SS'));
insert into D_SCHEDULE values('D014', to_date('2023/01/25 10:00:00', 'YYYY/MM/DD HH24:MI:SS'));
insert into D_SCHEDULE values('D014', to_date('2023/01/25 10:30:00', 'YYYY/MM/DD HH24:MI:SS'));
insert into D_SCHEDULE values('D014', to_date('2023/01/27 13:30:00', 'YYYY/MM/DD HH24:MI:SS'));
insert into D_SCHEDULE values('D014', to_date('2023/01/27 14:30:00', 'YYYY/MM/DD HH24:MI:SS'));
insert into D_SCHEDULE values('D014', to_date('2023/01/27 15:00:00', 'YYYY/MM/DD HH24:MI:SS'));

insert into D_SCHEDULE values('E001', to_date('2023/01/23 09:00:00', 'YYYY/MM/DD HH24:MI:SS'));
insert into D_SCHEDULE values('E001', to_date('2023/01/23 09:30:00', 'YYYY/MM/DD HH24:MI:SS'));
insert into D_SCHEDULE values('E001', to_date('2023/01/23 10:00:00', 'YYYY/MM/DD HH24:MI:SS'));
insert into D_SCHEDULE values('E001', to_date('2023/01/25 09:00:00', 'YYYY/MM/DD HH24:MI:SS'));
insert into D_SCHEDULE values('E001', to_date('2023/01/25 09:30:00', 'YYYY/MM/DD HH24:MI:SS'));
insert into D_SCHEDULE values('E001', to_date('2023/01/25 10:00:00', 'YYYY/MM/DD HH24:MI:SS'));
insert into D_SCHEDULE values('E001', to_date('2023/01/25 10:30:00', 'YYYY/MM/DD HH24:MI:SS'));
insert into D_SCHEDULE values('E001', to_date('2023/01/27 13:30:00', 'YYYY/MM/DD HH24:MI:SS'));
insert into D_SCHEDULE values('E001', to_date('2023/01/27 14:30:00', 'YYYY/MM/DD HH24:MI:SS'));
insert into D_SCHEDULE values('E001', to_date('2023/01/27 15:00:00', 'YYYY/MM/DD HH24:MI:SS'));

insert into D_SCHEDULE values('E002', to_date('2023/01/23 09:00:00', 'YYYY/MM/DD HH24:MI:SS'));
insert into D_SCHEDULE values('E002', to_date('2023/01/23 09:30:00', 'YYYY/MM/DD HH24:MI:SS'));
insert into D_SCHEDULE values('E002', to_date('2023/01/23 10:00:00', 'YYYY/MM/DD HH24:MI:SS'));
insert into D_SCHEDULE values('E002', to_date('2023/01/25 09:00:00', 'YYYY/MM/DD HH24:MI:SS'));
insert into D_SCHEDULE values('E002', to_date('2023/01/25 09:30:00', 'YYYY/MM/DD HH24:MI:SS'));
insert into D_SCHEDULE values('E002', to_date('2023/01/25 10:00:00', 'YYYY/MM/DD HH24:MI:SS'));
insert into D_SCHEDULE values('E002', to_date('2023/01/25 10:30:00', 'YYYY/MM/DD HH24:MI:SS'));
insert into D_SCHEDULE values('E002', to_date('2023/01/27 13:30:00', 'YYYY/MM/DD HH24:MI:SS'));
insert into D_SCHEDULE values('E002', to_date('2023/01/27 14:30:00', 'YYYY/MM/DD HH24:MI:SS'));
insert into D_SCHEDULE values('E002', to_date('2023/01/27 15:00:00', 'YYYY/MM/DD HH24:MI:SS'));

insert into D_SCHEDULE values('E003', to_date('2023/01/23 09:00:00', 'YYYY/MM/DD HH24:MI:SS'));
insert into D_SCHEDULE values('E003', to_date('2023/01/23 09:30:00', 'YYYY/MM/DD HH24:MI:SS'));
insert into D_SCHEDULE values('E003', to_date('2023/01/23 10:00:00', 'YYYY/MM/DD HH24:MI:SS'));
insert into D_SCHEDULE values('E003', to_date('2023/01/25 09:00:00', 'YYYY/MM/DD HH24:MI:SS'));
insert into D_SCHEDULE values('E003', to_date('2023/01/25 09:30:00', 'YYYY/MM/DD HH24:MI:SS'));
insert into D_SCHEDULE values('E003', to_date('2023/01/25 10:00:00', 'YYYY/MM/DD HH24:MI:SS'));
insert into D_SCHEDULE values('E003', to_date('2023/01/25 10:30:00', 'YYYY/MM/DD HH24:MI:SS'));
insert into D_SCHEDULE values('E003', to_date('2023/01/27 13:30:00', 'YYYY/MM/DD HH24:MI:SS'));
insert into D_SCHEDULE values('E003', to_date('2023/01/27 14:30:00', 'YYYY/MM/DD HH24:MI:SS'));
insert into D_SCHEDULE values('E003', to_date('2023/01/27 15:00:00', 'YYYY/MM/DD HH24:MI:SS'));

insert into D_SCHEDULE values('E004', to_date('2023/01/23 09:00:00', 'YYYY/MM/DD HH24:MI:SS'));
insert into D_SCHEDULE values('E004', to_date('2023/01/23 09:30:00', 'YYYY/MM/DD HH24:MI:SS'));
insert into D_SCHEDULE values('E004', to_date('2023/01/23 10:00:00', 'YYYY/MM/DD HH24:MI:SS'));
insert into D_SCHEDULE values('E004', to_date('2023/01/25 09:00:00', 'YYYY/MM/DD HH24:MI:SS'));
insert into D_SCHEDULE values('E004', to_date('2023/01/25 09:30:00', 'YYYY/MM/DD HH24:MI:SS'));
insert into D_SCHEDULE values('E004', to_date('2023/01/25 10:00:00', 'YYYY/MM/DD HH24:MI:SS'));
insert into D_SCHEDULE values('E004', to_date('2023/01/25 10:30:00', 'YYYY/MM/DD HH24:MI:SS'));
insert into D_SCHEDULE values('E004', to_date('2023/01/27 13:30:00', 'YYYY/MM/DD HH24:MI:SS'));
insert into D_SCHEDULE values('E004', to_date('2023/01/27 14:30:00', 'YYYY/MM/DD HH24:MI:SS'));
insert into D_SCHEDULE values('E004', to_date('2023/01/27 15:00:00', 'YYYY/MM/DD HH24:MI:SS'));

insert into D_SCHEDULE values('E005', to_date('2023/01/23 09:00:00', 'YYYY/MM/DD HH24:MI:SS'));
insert into D_SCHEDULE values('E005', to_date('2023/01/23 09:30:00', 'YYYY/MM/DD HH24:MI:SS'));
insert into D_SCHEDULE values('E005', to_date('2023/01/23 10:00:00', 'YYYY/MM/DD HH24:MI:SS'));
insert into D_SCHEDULE values('E005', to_date('2023/01/25 09:00:00', 'YYYY/MM/DD HH24:MI:SS'));
insert into D_SCHEDULE values('E005', to_date('2023/01/25 09:30:00', 'YYYY/MM/DD HH24:MI:SS'));
insert into D_SCHEDULE values('E005', to_date('2023/01/25 10:00:00', 'YYYY/MM/DD HH24:MI:SS'));
insert into D_SCHEDULE values('E005', to_date('2023/01/25 10:30:00', 'YYYY/MM/DD HH24:MI:SS'));
insert into D_SCHEDULE values('E005', to_date('2023/01/27 13:30:00', 'YYYY/MM/DD HH24:MI:SS'));
insert into D_SCHEDULE values('E005', to_date('2023/01/27 14:30:00', 'YYYY/MM/DD HH24:MI:SS'));
insert into D_SCHEDULE values('E005', to_date('2023/01/27 15:00:00', 'YYYY/MM/DD HH24:MI:SS'));

insert into D_SCHEDULE values('E006', to_date('2023/01/23 09:00:00', 'YYYY/MM/DD HH24:MI:SS'));
insert into D_SCHEDULE values('E006', to_date('2023/01/23 09:30:00', 'YYYY/MM/DD HH24:MI:SS'));
insert into D_SCHEDULE values('E006', to_date('2023/01/23 10:00:00', 'YYYY/MM/DD HH24:MI:SS'));
insert into D_SCHEDULE values('E006', to_date('2023/01/25 09:00:00', 'YYYY/MM/DD HH24:MI:SS'));
insert into D_SCHEDULE values('E006', to_date('2023/01/25 09:30:00', 'YYYY/MM/DD HH24:MI:SS'));
insert into D_SCHEDULE values('E006', to_date('2023/01/25 10:00:00', 'YYYY/MM/DD HH24:MI:SS'));
insert into D_SCHEDULE values('E006', to_date('2023/01/25 10:30:00', 'YYYY/MM/DD HH24:MI:SS'));
insert into D_SCHEDULE values('E006', to_date('2023/01/27 13:30:00', 'YYYY/MM/DD HH24:MI:SS'));
insert into D_SCHEDULE values('E006', to_date('2023/01/27 14:30:00', 'YYYY/MM/DD HH24:MI:SS'));
insert into D_SCHEDULE values('E006', to_date('2023/01/27 15:00:00', 'YYYY/MM/DD HH24:MI:SS'));

insert into D_SCHEDULE values('E007', to_date('2023/01/23 09:00:00', 'YYYY/MM/DD HH24:MI:SS'));
insert into D_SCHEDULE values('E007', to_date('2023/01/23 09:30:00', 'YYYY/MM/DD HH24:MI:SS'));
insert into D_SCHEDULE values('E007', to_date('2023/01/23 10:00:00', 'YYYY/MM/DD HH24:MI:SS'));
insert into D_SCHEDULE values('E007', to_date('2023/01/25 09:00:00', 'YYYY/MM/DD HH24:MI:SS'));
insert into D_SCHEDULE values('E007', to_date('2023/01/25 09:30:00', 'YYYY/MM/DD HH24:MI:SS'));
insert into D_SCHEDULE values('E007', to_date('2023/01/25 10:00:00', 'YYYY/MM/DD HH24:MI:SS'));
insert into D_SCHEDULE values('E007', to_date('2023/01/25 10:30:00', 'YYYY/MM/DD HH24:MI:SS'));
insert into D_SCHEDULE values('E007', to_date('2023/01/27 13:30:00', 'YYYY/MM/DD HH24:MI:SS'));
insert into D_SCHEDULE values('E007', to_date('2023/01/27 14:30:00', 'YYYY/MM/DD HH24:MI:SS'));
insert into D_SCHEDULE values('E007', to_date('2023/01/27 15:00:00', 'YYYY/MM/DD HH24:MI:SS'));

insert into D_SCHEDULE values('E008', to_date('2023/01/23 09:00:00', 'YYYY/MM/DD HH24:MI:SS'));
insert into D_SCHEDULE values('E008', to_date('2023/01/23 09:30:00', 'YYYY/MM/DD HH24:MI:SS'));
insert into D_SCHEDULE values('E008', to_date('2023/01/23 10:00:00', 'YYYY/MM/DD HH24:MI:SS'));
insert into D_SCHEDULE values('E008', to_date('2023/01/25 09:00:00', 'YYYY/MM/DD HH24:MI:SS'));
insert into D_SCHEDULE values('E008', to_date('2023/01/25 09:30:00', 'YYYY/MM/DD HH24:MI:SS'));
insert into D_SCHEDULE values('E008', to_date('2023/01/25 10:00:00', 'YYYY/MM/DD HH24:MI:SS'));
insert into D_SCHEDULE values('E008', to_date('2023/01/25 10:30:00', 'YYYY/MM/DD HH24:MI:SS'));
insert into D_SCHEDULE values('E008', to_date('2023/01/27 13:30:00', 'YYYY/MM/DD HH24:MI:SS'));
insert into D_SCHEDULE values('E008', to_date('2023/01/27 14:30:00', 'YYYY/MM/DD HH24:MI:SS'));
insert into D_SCHEDULE values('E008', to_date('2023/01/27 15:00:00', 'YYYY/MM/DD HH24:MI:SS'));

insert into D_SCHEDULE values('E009', to_date('2023/01/23 09:00:00', 'YYYY/MM/DD HH24:MI:SS'));
insert into D_SCHEDULE values('E009', to_date('2023/01/23 09:30:00', 'YYYY/MM/DD HH24:MI:SS'));
insert into D_SCHEDULE values('E009', to_date('2023/01/23 10:00:00', 'YYYY/MM/DD HH24:MI:SS'));
insert into D_SCHEDULE values('E009', to_date('2023/01/25 09:00:00', 'YYYY/MM/DD HH24:MI:SS'));
insert into D_SCHEDULE values('E009', to_date('2023/01/25 09:30:00', 'YYYY/MM/DD HH24:MI:SS'));
insert into D_SCHEDULE values('E009', to_date('2023/01/25 10:00:00', 'YYYY/MM/DD HH24:MI:SS'));
insert into D_SCHEDULE values('E009', to_date('2023/01/25 10:30:00', 'YYYY/MM/DD HH24:MI:SS'));
insert into D_SCHEDULE values('E009', to_date('2023/01/27 13:30:00', 'YYYY/MM/DD HH24:MI:SS'));
insert into D_SCHEDULE values('E009', to_date('2023/01/27 14:30:00', 'YYYY/MM/DD HH24:MI:SS'));
insert into D_SCHEDULE values('E009', to_date('2023/01/27 15:00:00', 'YYYY/MM/DD HH24:MI:SS'));

insert into D_SCHEDULE values('F001', to_date('2023/01/23 09:00:00', 'YYYY/MM/DD HH24:MI:SS'));
insert into D_SCHEDULE values('F001', to_date('2023/01/23 09:30:00', 'YYYY/MM/DD HH24:MI:SS'));
insert into D_SCHEDULE values('F001', to_date('2023/01/23 10:00:00', 'YYYY/MM/DD HH24:MI:SS'));
insert into D_SCHEDULE values('F001', to_date('2023/01/25 09:00:00', 'YYYY/MM/DD HH24:MI:SS'));
insert into D_SCHEDULE values('F001', to_date('2023/01/25 09:30:00', 'YYYY/MM/DD HH24:MI:SS'));
insert into D_SCHEDULE values('F001', to_date('2023/01/25 10:00:00', 'YYYY/MM/DD HH24:MI:SS'));
insert into D_SCHEDULE values('F001', to_date('2023/01/25 10:30:00', 'YYYY/MM/DD HH24:MI:SS'));
insert into D_SCHEDULE values('F001', to_date('2023/01/27 13:30:00', 'YYYY/MM/DD HH24:MI:SS'));
insert into D_SCHEDULE values('F001', to_date('2023/01/27 14:30:00', 'YYYY/MM/DD HH24:MI:SS'));
insert into D_SCHEDULE values('F001', to_date('2023/01/27 15:00:00', 'YYYY/MM/DD HH24:MI:SS'));

insert into D_SCHEDULE values('F002', to_date('2023/01/23 09:00:00', 'YYYY/MM/DD HH24:MI:SS'));
insert into D_SCHEDULE values('F002', to_date('2023/01/23 09:30:00', 'YYYY/MM/DD HH24:MI:SS'));
insert into D_SCHEDULE values('F002', to_date('2023/01/23 10:00:00', 'YYYY/MM/DD HH24:MI:SS'));
insert into D_SCHEDULE values('F002', to_date('2023/01/25 09:00:00', 'YYYY/MM/DD HH24:MI:SS'));
insert into D_SCHEDULE values('F002', to_date('2023/01/25 09:30:00', 'YYYY/MM/DD HH24:MI:SS'));
insert into D_SCHEDULE values('F002', to_date('2023/01/25 10:00:00', 'YYYY/MM/DD HH24:MI:SS'));
insert into D_SCHEDULE values('F002', to_date('2023/01/25 10:30:00', 'YYYY/MM/DD HH24:MI:SS'));
insert into D_SCHEDULE values('F002', to_date('2023/01/27 13:30:00', 'YYYY/MM/DD HH24:MI:SS'));
insert into D_SCHEDULE values('F002', to_date('2023/01/27 14:30:00', 'YYYY/MM/DD HH24:MI:SS'));
insert into D_SCHEDULE values('F002', to_date('2023/01/27 15:00:00', 'YYYY/MM/DD HH24:MI:SS'));

insert into D_SCHEDULE values('F003', to_date('2023/01/23 09:00:00', 'YYYY/MM/DD HH24:MI:SS'));
insert into D_SCHEDULE values('F003', to_date('2023/01/23 09:30:00', 'YYYY/MM/DD HH24:MI:SS'));
insert into D_SCHEDULE values('F003', to_date('2023/01/23 10:00:00', 'YYYY/MM/DD HH24:MI:SS'));
insert into D_SCHEDULE values('F003', to_date('2023/01/25 09:00:00', 'YYYY/MM/DD HH24:MI:SS'));
insert into D_SCHEDULE values('F003', to_date('2023/01/25 09:30:00', 'YYYY/MM/DD HH24:MI:SS'));
insert into D_SCHEDULE values('F003', to_date('2023/01/25 10:00:00', 'YYYY/MM/DD HH24:MI:SS'));
insert into D_SCHEDULE values('F003', to_date('2023/01/25 10:30:00', 'YYYY/MM/DD HH24:MI:SS'));
insert into D_SCHEDULE values('F003', to_date('2023/01/27 13:30:00', 'YYYY/MM/DD HH24:MI:SS'));
insert into D_SCHEDULE values('F003', to_date('2023/01/27 14:30:00', 'YYYY/MM/DD HH24:MI:SS'));
insert into D_SCHEDULE values('F003', to_date('2023/01/27 15:00:00', 'YYYY/MM/DD HH24:MI:SS'));

insert into D_SCHEDULE values('F004', to_date('2023/01/23 09:00:00', 'YYYY/MM/DD HH24:MI:SS'));
insert into D_SCHEDULE values('F004', to_date('2023/01/23 09:30:00', 'YYYY/MM/DD HH24:MI:SS'));
insert into D_SCHEDULE values('F004', to_date('2023/01/23 10:00:00', 'YYYY/MM/DD HH24:MI:SS'));
insert into D_SCHEDULE values('F004', to_date('2023/01/25 09:00:00', 'YYYY/MM/DD HH24:MI:SS'));
insert into D_SCHEDULE values('F004', to_date('2023/01/25 09:30:00', 'YYYY/MM/DD HH24:MI:SS'));
insert into D_SCHEDULE values('F004', to_date('2023/01/25 10:00:00', 'YYYY/MM/DD HH24:MI:SS'));
insert into D_SCHEDULE values('F004', to_date('2023/01/25 10:30:00', 'YYYY/MM/DD HH24:MI:SS'));
insert into D_SCHEDULE values('F004', to_date('2023/01/27 13:30:00', 'YYYY/MM/DD HH24:MI:SS'));
insert into D_SCHEDULE values('F004', to_date('2023/01/27 14:30:00', 'YYYY/MM/DD HH24:MI:SS'));
insert into D_SCHEDULE values('F004', to_date('2023/01/27 15:00:00', 'YYYY/MM/DD HH24:MI:SS'));

insert into D_SCHEDULE values('F005', to_date('2023/01/23 09:00:00', 'YYYY/MM/DD HH24:MI:SS'));
insert into D_SCHEDULE values('F005', to_date('2023/01/23 09:30:00', 'YYYY/MM/DD HH24:MI:SS'));
insert into D_SCHEDULE values('F005', to_date('2023/01/23 10:00:00', 'YYYY/MM/DD HH24:MI:SS'));
insert into D_SCHEDULE values('F005', to_date('2023/01/25 09:00:00', 'YYYY/MM/DD HH24:MI:SS'));
insert into D_SCHEDULE values('F005', to_date('2023/01/25 09:30:00', 'YYYY/MM/DD HH24:MI:SS'));
insert into D_SCHEDULE values('F005', to_date('2023/01/25 10:00:00', 'YYYY/MM/DD HH24:MI:SS'));
insert into D_SCHEDULE values('F005', to_date('2023/01/25 10:30:00', 'YYYY/MM/DD HH24:MI:SS'));
insert into D_SCHEDULE values('F005', to_date('2023/01/27 13:30:00', 'YYYY/MM/DD HH24:MI:SS'));
insert into D_SCHEDULE values('F005', to_date('2023/01/27 14:30:00', 'YYYY/MM/DD HH24:MI:SS'));
insert into D_SCHEDULE values('F005', to_date('2023/01/27 15:00:00', 'YYYY/MM/DD HH24:MI:SS'));

insert into D_SCHEDULE values('F006', to_date('2023/01/23 09:00:00', 'YYYY/MM/DD HH24:MI:SS'));
insert into D_SCHEDULE values('F006', to_date('2023/01/23 09:30:00', 'YYYY/MM/DD HH24:MI:SS'));
insert into D_SCHEDULE values('F006', to_date('2023/01/23 10:00:00', 'YYYY/MM/DD HH24:MI:SS'));
insert into D_SCHEDULE values('F006', to_date('2023/01/25 09:00:00', 'YYYY/MM/DD HH24:MI:SS'));
insert into D_SCHEDULE values('F006', to_date('2023/01/25 09:30:00', 'YYYY/MM/DD HH24:MI:SS'));
insert into D_SCHEDULE values('F006', to_date('2023/01/25 10:00:00', 'YYYY/MM/DD HH24:MI:SS'));
insert into D_SCHEDULE values('F006', to_date('2023/01/25 10:30:00', 'YYYY/MM/DD HH24:MI:SS'));
insert into D_SCHEDULE values('F006', to_date('2023/01/27 13:30:00', 'YYYY/MM/DD HH24:MI:SS'));
insert into D_SCHEDULE values('F006', to_date('2023/01/27 14:30:00', 'YYYY/MM/DD HH24:MI:SS'));
insert into D_SCHEDULE values('F006', to_date('2023/01/27 15:00:00', 'YYYY/MM/DD HH24:MI:SS'));

insert into D_SCHEDULE values('F007', to_date('2023/01/23 09:00:00', 'YYYY/MM/DD HH24:MI:SS'));
insert into D_SCHEDULE values('F007', to_date('2023/01/23 09:30:00', 'YYYY/MM/DD HH24:MI:SS'));
insert into D_SCHEDULE values('F007', to_date('2023/01/23 10:00:00', 'YYYY/MM/DD HH24:MI:SS'));
insert into D_SCHEDULE values('F007', to_date('2023/01/25 09:00:00', 'YYYY/MM/DD HH24:MI:SS'));
insert into D_SCHEDULE values('F007', to_date('2023/01/25 09:30:00', 'YYYY/MM/DD HH24:MI:SS'));
insert into D_SCHEDULE values('F007', to_date('2023/01/25 10:00:00', 'YYYY/MM/DD HH24:MI:SS'));
insert into D_SCHEDULE values('F007', to_date('2023/01/25 10:30:00', 'YYYY/MM/DD HH24:MI:SS'));
insert into D_SCHEDULE values('F007', to_date('2023/01/27 13:30:00', 'YYYY/MM/DD HH24:MI:SS'));
insert into D_SCHEDULE values('F007', to_date('2023/01/27 14:30:00', 'YYYY/MM/DD HH24:MI:SS'));
insert into D_SCHEDULE values('F007', to_date('2023/01/27 15:00:00', 'YYYY/MM/DD HH24:MI:SS'));

insert into D_SCHEDULE values('F008', to_date('2023/01/23 09:00:00', 'YYYY/MM/DD HH24:MI:SS'));
insert into D_SCHEDULE values('F008', to_date('2023/01/23 09:30:00', 'YYYY/MM/DD HH24:MI:SS'));
insert into D_SCHEDULE values('F008', to_date('2023/01/23 10:00:00', 'YYYY/MM/DD HH24:MI:SS'));
insert into D_SCHEDULE values('F008', to_date('2023/01/25 09:00:00', 'YYYY/MM/DD HH24:MI:SS'));
insert into D_SCHEDULE values('F008', to_date('2023/01/25 09:30:00', 'YYYY/MM/DD HH24:MI:SS'));
insert into D_SCHEDULE values('F008', to_date('2023/01/25 10:00:00', 'YYYY/MM/DD HH24:MI:SS'));
insert into D_SCHEDULE values('F008', to_date('2023/01/25 10:30:00', 'YYYY/MM/DD HH24:MI:SS'));
insert into D_SCHEDULE values('F008', to_date('2023/01/27 13:30:00', 'YYYY/MM/DD HH24:MI:SS'));
insert into D_SCHEDULE values('F008', to_date('2023/01/27 14:30:00', 'YYYY/MM/DD HH24:MI:SS'));
insert into D_SCHEDULE values('F008', to_date('2023/01/27 15:00:00', 'YYYY/MM/DD HH24:MI:SS'));

insert into D_SCHEDULE values('F009', to_date('2023/01/23 09:00:00', 'YYYY/MM/DD HH24:MI:SS'));
insert into D_SCHEDULE values('F009', to_date('2023/01/23 09:30:00', 'YYYY/MM/DD HH24:MI:SS'));
insert into D_SCHEDULE values('F009', to_date('2023/01/23 10:00:00', 'YYYY/MM/DD HH24:MI:SS'));
insert into D_SCHEDULE values('F009', to_date('2023/01/25 09:00:00', 'YYYY/MM/DD HH24:MI:SS'));
insert into D_SCHEDULE values('F009', to_date('2023/01/25 09:30:00', 'YYYY/MM/DD HH24:MI:SS'));
insert into D_SCHEDULE values('F009', to_date('2023/01/25 10:00:00', 'YYYY/MM/DD HH24:MI:SS'));
insert into D_SCHEDULE values('F009', to_date('2023/01/25 10:30:00', 'YYYY/MM/DD HH24:MI:SS'));
insert into D_SCHEDULE values('F009', to_date('2023/01/27 13:30:00', 'YYYY/MM/DD HH24:MI:SS'));
insert into D_SCHEDULE values('F009', to_date('2023/01/27 14:30:00', 'YYYY/MM/DD HH24:MI:SS'));
insert into D_SCHEDULE values('F009', to_date('2023/01/27 15:00:00', 'YYYY/MM/DD HH24:MI:SS'));

insert into D_SCHEDULE values('G001', to_date('2023/01/23 09:00:00', 'YYYY/MM/DD HH24:MI:SS'));
insert into D_SCHEDULE values('G001', to_date('2023/01/23 09:30:00', 'YYYY/MM/DD HH24:MI:SS'));
insert into D_SCHEDULE values('G001', to_date('2023/01/23 10:00:00', 'YYYY/MM/DD HH24:MI:SS'));
insert into D_SCHEDULE values('G001', to_date('2023/01/25 09:00:00', 'YYYY/MM/DD HH24:MI:SS'));
insert into D_SCHEDULE values('G001', to_date('2023/01/25 09:30:00', 'YYYY/MM/DD HH24:MI:SS'));
insert into D_SCHEDULE values('G001', to_date('2023/01/25 10:00:00', 'YYYY/MM/DD HH24:MI:SS'));
insert into D_SCHEDULE values('G001', to_date('2023/01/25 10:30:00', 'YYYY/MM/DD HH24:MI:SS'));
insert into D_SCHEDULE values('G001', to_date('2023/01/27 13:30:00', 'YYYY/MM/DD HH24:MI:SS'));
insert into D_SCHEDULE values('G001', to_date('2023/01/27 14:30:00', 'YYYY/MM/DD HH24:MI:SS'));
insert into D_SCHEDULE values('G001', to_date('2023/01/27 15:00:00', 'YYYY/MM/DD HH24:MI:SS'));

insert into D_SCHEDULE values('G002', to_date('2023/01/23 09:00:00', 'YYYY/MM/DD HH24:MI:SS'));
insert into D_SCHEDULE values('G002', to_date('2023/01/23 09:30:00', 'YYYY/MM/DD HH24:MI:SS'));
insert into D_SCHEDULE values('G002', to_date('2023/01/23 10:00:00', 'YYYY/MM/DD HH24:MI:SS'));
insert into D_SCHEDULE values('G002', to_date('2023/01/25 09:00:00', 'YYYY/MM/DD HH24:MI:SS'));
insert into D_SCHEDULE values('G002', to_date('2023/01/25 09:30:00', 'YYYY/MM/DD HH24:MI:SS'));
insert into D_SCHEDULE values('G002', to_date('2023/01/25 10:00:00', 'YYYY/MM/DD HH24:MI:SS'));
insert into D_SCHEDULE values('G002', to_date('2023/01/25 10:30:00', 'YYYY/MM/DD HH24:MI:SS'));
insert into D_SCHEDULE values('G002', to_date('2023/01/27 13:30:00', 'YYYY/MM/DD HH24:MI:SS'));
insert into D_SCHEDULE values('G002', to_date('2023/01/27 14:30:00', 'YYYY/MM/DD HH24:MI:SS'));
insert into D_SCHEDULE values('G002', to_date('2023/01/27 15:00:00', 'YYYY/MM/DD HH24:MI:SS'));

insert into D_SCHEDULE values('G003', to_date('2023/01/23 09:00:00', 'YYYY/MM/DD HH24:MI:SS'));
insert into D_SCHEDULE values('G003', to_date('2023/01/23 09:30:00', 'YYYY/MM/DD HH24:MI:SS'));
insert into D_SCHEDULE values('G003', to_date('2023/01/23 10:00:00', 'YYYY/MM/DD HH24:MI:SS'));
insert into D_SCHEDULE values('G003', to_date('2023/01/25 09:00:00', 'YYYY/MM/DD HH24:MI:SS'));
insert into D_SCHEDULE values('G003', to_date('2023/01/25 09:30:00', 'YYYY/MM/DD HH24:MI:SS'));
insert into D_SCHEDULE values('G003', to_date('2023/01/25 10:00:00', 'YYYY/MM/DD HH24:MI:SS'));
insert into D_SCHEDULE values('G003', to_date('2023/01/25 10:30:00', 'YYYY/MM/DD HH24:MI:SS'));
insert into D_SCHEDULE values('G003', to_date('2023/01/27 13:30:00', 'YYYY/MM/DD HH24:MI:SS'));
insert into D_SCHEDULE values('G003', to_date('2023/01/27 14:30:00', 'YYYY/MM/DD HH24:MI:SS'));
insert into D_SCHEDULE values('G003', to_date('2023/01/27 15:00:00', 'YYYY/MM/DD HH24:MI:SS'));

insert into D_SCHEDULE values('G004', to_date('2023/01/23 09:00:00', 'YYYY/MM/DD HH24:MI:SS'));
insert into D_SCHEDULE values('G004', to_date('2023/01/23 09:30:00', 'YYYY/MM/DD HH24:MI:SS'));
insert into D_SCHEDULE values('G004', to_date('2023/01/23 10:00:00', 'YYYY/MM/DD HH24:MI:SS'));
insert into D_SCHEDULE values('G004', to_date('2023/01/25 09:00:00', 'YYYY/MM/DD HH24:MI:SS'));
insert into D_SCHEDULE values('G004', to_date('2023/01/25 09:30:00', 'YYYY/MM/DD HH24:MI:SS'));
insert into D_SCHEDULE values('G004', to_date('2023/01/25 10:00:00', 'YYYY/MM/DD HH24:MI:SS'));
insert into D_SCHEDULE values('G004', to_date('2023/01/25 10:30:00', 'YYYY/MM/DD HH24:MI:SS'));
insert into D_SCHEDULE values('G004', to_date('2023/01/27 13:30:00', 'YYYY/MM/DD HH24:MI:SS'));
insert into D_SCHEDULE values('G004', to_date('2023/01/27 14:30:00', 'YYYY/MM/DD HH24:MI:SS'));
insert into D_SCHEDULE values('G004', to_date('2023/01/27 15:00:00', 'YYYY/MM/DD HH24:MI:SS'));

insert into D_SCHEDULE values('G005', to_date('2023/01/23 09:00:00', 'YYYY/MM/DD HH24:MI:SS'));
insert into D_SCHEDULE values('G005', to_date('2023/01/23 09:30:00', 'YYYY/MM/DD HH24:MI:SS'));
insert into D_SCHEDULE values('G005', to_date('2023/01/23 10:00:00', 'YYYY/MM/DD HH24:MI:SS'));
insert into D_SCHEDULE values('G005', to_date('2023/01/25 09:00:00', 'YYYY/MM/DD HH24:MI:SS'));
insert into D_SCHEDULE values('G005', to_date('2023/01/25 09:30:00', 'YYYY/MM/DD HH24:MI:SS'));
insert into D_SCHEDULE values('G005', to_date('2023/01/25 10:00:00', 'YYYY/MM/DD HH24:MI:SS'));
insert into D_SCHEDULE values('G005', to_date('2023/01/25 10:30:00', 'YYYY/MM/DD HH24:MI:SS'));
insert into D_SCHEDULE values('G005', to_date('2023/01/27 13:30:00', 'YYYY/MM/DD HH24:MI:SS'));
insert into D_SCHEDULE values('G005', to_date('2023/01/27 14:30:00', 'YYYY/MM/DD HH24:MI:SS'));
insert into D_SCHEDULE values('G005', to_date('2023/01/27 15:00:00', 'YYYY/MM/DD HH24:MI:SS'));

insert into D_SCHEDULE values('G006', to_date('2023/01/23 09:00:00', 'YYYY/MM/DD HH24:MI:SS'));
insert into D_SCHEDULE values('G006', to_date('2023/01/23 09:30:00', 'YYYY/MM/DD HH24:MI:SS'));
insert into D_SCHEDULE values('G006', to_date('2023/01/23 10:00:00', 'YYYY/MM/DD HH24:MI:SS'));
insert into D_SCHEDULE values('G006', to_date('2023/01/25 09:00:00', 'YYYY/MM/DD HH24:MI:SS'));
insert into D_SCHEDULE values('G006', to_date('2023/01/25 09:30:00', 'YYYY/MM/DD HH24:MI:SS'));
insert into D_SCHEDULE values('G006', to_date('2023/01/25 10:00:00', 'YYYY/MM/DD HH24:MI:SS'));
insert into D_SCHEDULE values('G006', to_date('2023/01/25 10:30:00', 'YYYY/MM/DD HH24:MI:SS'));
insert into D_SCHEDULE values('G006', to_date('2023/01/27 13:30:00', 'YYYY/MM/DD HH24:MI:SS'));
insert into D_SCHEDULE values('G006', to_date('2023/01/27 14:30:00', 'YYYY/MM/DD HH24:MI:SS'));
insert into D_SCHEDULE values('G006', to_date('2023/01/27 15:00:00', 'YYYY/MM/DD HH24:MI:SS'));

insert into D_SCHEDULE values('G007', to_date('2023/01/23 09:00:00', 'YYYY/MM/DD HH24:MI:SS'));
insert into D_SCHEDULE values('G007', to_date('2023/01/23 09:30:00', 'YYYY/MM/DD HH24:MI:SS'));
insert into D_SCHEDULE values('G007', to_date('2023/01/23 10:00:00', 'YYYY/MM/DD HH24:MI:SS'));
insert into D_SCHEDULE values('G007', to_date('2023/01/25 09:00:00', 'YYYY/MM/DD HH24:MI:SS'));
insert into D_SCHEDULE values('G007', to_date('2023/01/25 09:30:00', 'YYYY/MM/DD HH24:MI:SS'));
insert into D_SCHEDULE values('G007', to_date('2023/01/25 10:00:00', 'YYYY/MM/DD HH24:MI:SS'));
insert into D_SCHEDULE values('G007', to_date('2023/01/25 10:30:00', 'YYYY/MM/DD HH24:MI:SS'));
insert into D_SCHEDULE values('G007', to_date('2023/01/27 13:30:00', 'YYYY/MM/DD HH24:MI:SS'));
insert into D_SCHEDULE values('G007', to_date('2023/01/27 14:30:00', 'YYYY/MM/DD HH24:MI:SS'));
insert into D_SCHEDULE values('G007', to_date('2023/01/27 15:00:00', 'YYYY/MM/DD HH24:MI:SS'));

insert into D_SCHEDULE values('G008', to_date('2023/01/23 09:00:00', 'YYYY/MM/DD HH24:MI:SS'));
insert into D_SCHEDULE values('G008', to_date('2023/01/23 09:30:00', 'YYYY/MM/DD HH24:MI:SS'));
insert into D_SCHEDULE values('G008', to_date('2023/01/23 10:00:00', 'YYYY/MM/DD HH24:MI:SS'));
insert into D_SCHEDULE values('G008', to_date('2023/01/25 09:00:00', 'YYYY/MM/DD HH24:MI:SS'));
insert into D_SCHEDULE values('G008', to_date('2023/01/25 09:30:00', 'YYYY/MM/DD HH24:MI:SS'));
insert into D_SCHEDULE values('G008', to_date('2023/01/25 10:00:00', 'YYYY/MM/DD HH24:MI:SS'));
insert into D_SCHEDULE values('G008', to_date('2023/01/25 10:30:00', 'YYYY/MM/DD HH24:MI:SS'));
insert into D_SCHEDULE values('G008', to_date('2023/01/27 13:30:00', 'YYYY/MM/DD HH24:MI:SS'));
insert into D_SCHEDULE values('G008', to_date('2023/01/27 14:30:00', 'YYYY/MM/DD HH24:MI:SS'));
insert into D_SCHEDULE values('G008', to_date('2023/01/27 15:00:00', 'YYYY/MM/DD HH24:MI:SS'));

insert into D_SCHEDULE values('G009', to_date('2023/01/23 09:00:00', 'YYYY/MM/DD HH24:MI:SS'));
insert into D_SCHEDULE values('G009', to_date('2023/01/23 09:30:00', 'YYYY/MM/DD HH24:MI:SS'));
insert into D_SCHEDULE values('G009', to_date('2023/01/23 10:00:00', 'YYYY/MM/DD HH24:MI:SS'));
insert into D_SCHEDULE values('G009', to_date('2023/01/25 09:00:00', 'YYYY/MM/DD HH24:MI:SS'));
insert into D_SCHEDULE values('G009', to_date('2023/01/25 09:30:00', 'YYYY/MM/DD HH24:MI:SS'));
insert into D_SCHEDULE values('G009', to_date('2023/01/25 10:00:00', 'YYYY/MM/DD HH24:MI:SS'));
insert into D_SCHEDULE values('G009', to_date('2023/01/25 10:30:00', 'YYYY/MM/DD HH24:MI:SS'));
insert into D_SCHEDULE values('G009', to_date('2023/01/27 13:30:00', 'YYYY/MM/DD HH24:MI:SS'));
insert into D_SCHEDULE values('G009', to_date('2023/01/27 14:30:00', 'YYYY/MM/DD HH24:MI:SS'));
insert into D_SCHEDULE values('G009', to_date('2023/01/27 15:00:00', 'YYYY/MM/DD HH24:MI:SS'));

insert into D_SCHEDULE values('G010', to_date('2023/01/23 09:00:00', 'YYYY/MM/DD HH24:MI:SS'));
insert into D_SCHEDULE values('G010', to_date('2023/01/23 09:30:00', 'YYYY/MM/DD HH24:MI:SS'));
insert into D_SCHEDULE values('G010', to_date('2023/01/23 10:00:00', 'YYYY/MM/DD HH24:MI:SS'));
insert into D_SCHEDULE values('G010', to_date('2023/01/25 09:00:00', 'YYYY/MM/DD HH24:MI:SS'));
insert into D_SCHEDULE values('G010', to_date('2023/01/25 09:30:00', 'YYYY/MM/DD HH24:MI:SS'));
insert into D_SCHEDULE values('G010', to_date('2023/01/25 10:00:00', 'YYYY/MM/DD HH24:MI:SS'));
insert into D_SCHEDULE values('G010', to_date('2023/01/25 10:30:00', 'YYYY/MM/DD HH24:MI:SS'));
insert into D_SCHEDULE values('G010', to_date('2023/01/27 13:30:00', 'YYYY/MM/DD HH24:MI:SS'));
insert into D_SCHEDULE values('G010', to_date('2023/01/27 14:30:00', 'YYYY/MM/DD HH24:MI:SS'));
insert into D_SCHEDULE values('G010', to_date('2023/01/27 15:00:00', 'YYYY/MM/DD HH24:MI:SS'));

insert into D_SCHEDULE values('G011', to_date('2023/01/23 09:00:00', 'YYYY/MM/DD HH24:MI:SS'));
insert into D_SCHEDULE values('G011', to_date('2023/01/23 09:30:00', 'YYYY/MM/DD HH24:MI:SS'));
insert into D_SCHEDULE values('G011', to_date('2023/01/23 10:00:00', 'YYYY/MM/DD HH24:MI:SS'));
insert into D_SCHEDULE values('G011', to_date('2023/01/25 09:00:00', 'YYYY/MM/DD HH24:MI:SS'));
insert into D_SCHEDULE values('G011', to_date('2023/01/25 09:30:00', 'YYYY/MM/DD HH24:MI:SS'));
insert into D_SCHEDULE values('G011', to_date('2023/01/25 10:00:00', 'YYYY/MM/DD HH24:MI:SS'));
insert into D_SCHEDULE values('G011', to_date('2023/01/25 10:30:00', 'YYYY/MM/DD HH24:MI:SS'));
insert into D_SCHEDULE values('G011', to_date('2023/01/27 13:30:00', 'YYYY/MM/DD HH24:MI:SS'));
insert into D_SCHEDULE values('G011', to_date('2023/01/27 14:30:00', 'YYYY/MM/DD HH24:MI:SS'));
insert into D_SCHEDULE values('G011', to_date('2023/01/27 15:00:00', 'YYYY/MM/DD HH24:MI:SS'));

insert into D_SCHEDULE values('G012', to_date('2023/01/23 09:00:00', 'YYYY/MM/DD HH24:MI:SS'));
insert into D_SCHEDULE values('G012', to_date('2023/01/23 09:30:00', 'YYYY/MM/DD HH24:MI:SS'));
insert into D_SCHEDULE values('G012', to_date('2023/01/23 10:00:00', 'YYYY/MM/DD HH24:MI:SS'));
insert into D_SCHEDULE values('G012', to_date('2023/01/25 09:00:00', 'YYYY/MM/DD HH24:MI:SS'));
insert into D_SCHEDULE values('G012', to_date('2023/01/25 09:30:00', 'YYYY/MM/DD HH24:MI:SS'));
insert into D_SCHEDULE values('G012', to_date('2023/01/25 10:00:00', 'YYYY/MM/DD HH24:MI:SS'));
insert into D_SCHEDULE values('G012', to_date('2023/01/25 10:30:00', 'YYYY/MM/DD HH24:MI:SS'));
insert into D_SCHEDULE values('G012', to_date('2023/01/27 13:30:00', 'YYYY/MM/DD HH24:MI:SS'));
insert into D_SCHEDULE values('G012', to_date('2023/01/27 14:30:00', 'YYYY/MM/DD HH24:MI:SS'));
insert into D_SCHEDULE values('G012', to_date('2023/01/27 15:00:00', 'YYYY/MM/DD HH24:MI:SS'));

insert into D_SCHEDULE values('H001', to_date('2023/01/23 09:00:00', 'YYYY/MM/DD HH24:MI:SS'));
insert into D_SCHEDULE values('H001', to_date('2023/01/23 09:30:00', 'YYYY/MM/DD HH24:MI:SS'));
insert into D_SCHEDULE values('H001', to_date('2023/01/23 10:00:00', 'YYYY/MM/DD HH24:MI:SS'));
insert into D_SCHEDULE values('H001', to_date('2023/01/25 09:00:00', 'YYYY/MM/DD HH24:MI:SS'));
insert into D_SCHEDULE values('H001', to_date('2023/01/25 09:30:00', 'YYYY/MM/DD HH24:MI:SS'));
insert into D_SCHEDULE values('H001', to_date('2023/01/25 10:00:00', 'YYYY/MM/DD HH24:MI:SS'));
insert into D_SCHEDULE values('H001', to_date('2023/01/25 10:30:00', 'YYYY/MM/DD HH24:MI:SS'));
insert into D_SCHEDULE values('H001', to_date('2023/01/27 13:30:00', 'YYYY/MM/DD HH24:MI:SS'));
insert into D_SCHEDULE values('H001', to_date('2023/01/27 14:30:00', 'YYYY/MM/DD HH24:MI:SS'));
insert into D_SCHEDULE values('H001', to_date('2023/01/27 15:00:00', 'YYYY/MM/DD HH24:MI:SS'));

insert into D_SCHEDULE values('H002', to_date('2023/01/23 09:00:00', 'YYYY/MM/DD HH24:MI:SS'));
insert into D_SCHEDULE values('H002', to_date('2023/01/23 09:30:00', 'YYYY/MM/DD HH24:MI:SS'));
insert into D_SCHEDULE values('H002', to_date('2023/01/23 10:00:00', 'YYYY/MM/DD HH24:MI:SS'));
insert into D_SCHEDULE values('H002', to_date('2023/01/25 09:00:00', 'YYYY/MM/DD HH24:MI:SS'));
insert into D_SCHEDULE values('H002', to_date('2023/01/25 09:30:00', 'YYYY/MM/DD HH24:MI:SS'));
insert into D_SCHEDULE values('H002', to_date('2023/01/25 10:00:00', 'YYYY/MM/DD HH24:MI:SS'));
insert into D_SCHEDULE values('H002', to_date('2023/01/25 10:30:00', 'YYYY/MM/DD HH24:MI:SS'));
insert into D_SCHEDULE values('H002', to_date('2023/01/27 13:30:00', 'YYYY/MM/DD HH24:MI:SS'));
insert into D_SCHEDULE values('H002', to_date('2023/01/27 14:30:00', 'YYYY/MM/DD HH24:MI:SS'));
insert into D_SCHEDULE values('H002', to_date('2023/01/27 15:00:00', 'YYYY/MM/DD HH24:MI:SS'));

insert into D_SCHEDULE values('H003', to_date('2023/01/23 09:00:00', 'YYYY/MM/DD HH24:MI:SS'));
insert into D_SCHEDULE values('H003', to_date('2023/01/23 09:30:00', 'YYYY/MM/DD HH24:MI:SS'));
insert into D_SCHEDULE values('H003', to_date('2023/01/23 10:00:00', 'YYYY/MM/DD HH24:MI:SS'));
insert into D_SCHEDULE values('H003', to_date('2023/01/25 09:00:00', 'YYYY/MM/DD HH24:MI:SS'));
insert into D_SCHEDULE values('H003', to_date('2023/01/25 09:30:00', 'YYYY/MM/DD HH24:MI:SS'));
insert into D_SCHEDULE values('H003', to_date('2023/01/25 10:00:00', 'YYYY/MM/DD HH24:MI:SS'));
insert into D_SCHEDULE values('H003', to_date('2023/01/25 10:30:00', 'YYYY/MM/DD HH24:MI:SS'));
insert into D_SCHEDULE values('H003', to_date('2023/01/27 13:30:00', 'YYYY/MM/DD HH24:MI:SS'));
insert into D_SCHEDULE values('H003', to_date('2023/01/27 14:30:00', 'YYYY/MM/DD HH24:MI:SS'));
insert into D_SCHEDULE values('H003', to_date('2023/01/27 15:00:00', 'YYYY/MM/DD HH24:MI:SS'));

insert into D_SCHEDULE values('H004', to_date('2023/01/23 09:00:00', 'YYYY/MM/DD HH24:MI:SS'));
insert into D_SCHEDULE values('H004', to_date('2023/01/23 09:30:00', 'YYYY/MM/DD HH24:MI:SS'));
insert into D_SCHEDULE values('H004', to_date('2023/01/23 10:00:00', 'YYYY/MM/DD HH24:MI:SS'));
insert into D_SCHEDULE values('H004', to_date('2023/01/25 09:00:00', 'YYYY/MM/DD HH24:MI:SS'));
insert into D_SCHEDULE values('H004', to_date('2023/01/25 09:30:00', 'YYYY/MM/DD HH24:MI:SS'));
insert into D_SCHEDULE values('H004', to_date('2023/01/25 10:00:00', 'YYYY/MM/DD HH24:MI:SS'));
insert into D_SCHEDULE values('H004', to_date('2023/01/25 10:30:00', 'YYYY/MM/DD HH24:MI:SS'));
insert into D_SCHEDULE values('H004', to_date('2023/01/27 13:30:00', 'YYYY/MM/DD HH24:MI:SS'));
insert into D_SCHEDULE values('H004', to_date('2023/01/27 14:30:00', 'YYYY/MM/DD HH24:MI:SS'));
insert into D_SCHEDULE values('H004', to_date('2023/01/27 15:00:00', 'YYYY/MM/DD HH24:MI:SS'));

insert into D_SCHEDULE values('H005', to_date('2023/01/23 09:00:00', 'YYYY/MM/DD HH24:MI:SS'));
insert into D_SCHEDULE values('H005', to_date('2023/01/23 09:30:00', 'YYYY/MM/DD HH24:MI:SS'));
insert into D_SCHEDULE values('H005', to_date('2023/01/23 10:00:00', 'YYYY/MM/DD HH24:MI:SS'));
insert into D_SCHEDULE values('H005', to_date('2023/01/25 09:00:00', 'YYYY/MM/DD HH24:MI:SS'));
insert into D_SCHEDULE values('H005', to_date('2023/01/25 09:30:00', 'YYYY/MM/DD HH24:MI:SS'));
insert into D_SCHEDULE values('H005', to_date('2023/01/25 10:00:00', 'YYYY/MM/DD HH24:MI:SS'));
insert into D_SCHEDULE values('H005', to_date('2023/01/25 10:30:00', 'YYYY/MM/DD HH24:MI:SS'));
insert into D_SCHEDULE values('H005', to_date('2023/01/27 13:30:00', 'YYYY/MM/DD HH24:MI:SS'));
insert into D_SCHEDULE values('H005', to_date('2023/01/27 14:30:00', 'YYYY/MM/DD HH24:MI:SS'));
insert into D_SCHEDULE values('H005', to_date('2023/01/27 15:00:00', 'YYYY/MM/DD HH24:MI:SS'));

insert into D_SCHEDULE values('H006', to_date('2023/01/23 09:00:00', 'YYYY/MM/DD HH24:MI:SS'));
insert into D_SCHEDULE values('H006', to_date('2023/01/23 09:30:00', 'YYYY/MM/DD HH24:MI:SS'));
insert into D_SCHEDULE values('H006', to_date('2023/01/23 10:00:00', 'YYYY/MM/DD HH24:MI:SS'));
insert into D_SCHEDULE values('H006', to_date('2023/01/25 09:00:00', 'YYYY/MM/DD HH24:MI:SS'));
insert into D_SCHEDULE values('H006', to_date('2023/01/25 09:30:00', 'YYYY/MM/DD HH24:MI:SS'));
insert into D_SCHEDULE values('H006', to_date('2023/01/25 10:00:00', 'YYYY/MM/DD HH24:MI:SS'));
insert into D_SCHEDULE values('H006', to_date('2023/01/25 10:30:00', 'YYYY/MM/DD HH24:MI:SS'));
insert into D_SCHEDULE values('H006', to_date('2023/01/27 13:30:00', 'YYYY/MM/DD HH24:MI:SS'));
insert into D_SCHEDULE values('H006', to_date('2023/01/27 14:30:00', 'YYYY/MM/DD HH24:MI:SS'));
insert into D_SCHEDULE values('H006', to_date('2023/01/27 15:00:00', 'YYYY/MM/DD HH24:MI:SS'));

insert into D_SCHEDULE values('H007', to_date('2023/01/23 09:00:00', 'YYYY/MM/DD HH24:MI:SS'));
insert into D_SCHEDULE values('H007', to_date('2023/01/23 09:30:00', 'YYYY/MM/DD HH24:MI:SS'));
insert into D_SCHEDULE values('H007', to_date('2023/01/23 10:00:00', 'YYYY/MM/DD HH24:MI:SS'));
insert into D_SCHEDULE values('H007', to_date('2023/01/25 09:00:00', 'YYYY/MM/DD HH24:MI:SS'));
insert into D_SCHEDULE values('H007', to_date('2023/01/25 09:30:00', 'YYYY/MM/DD HH24:MI:SS'));
insert into D_SCHEDULE values('H007', to_date('2023/01/25 10:00:00', 'YYYY/MM/DD HH24:MI:SS'));
insert into D_SCHEDULE values('H007', to_date('2023/01/25 10:30:00', 'YYYY/MM/DD HH24:MI:SS'));
insert into D_SCHEDULE values('H007', to_date('2023/01/27 13:30:00', 'YYYY/MM/DD HH24:MI:SS'));
insert into D_SCHEDULE values('H007', to_date('2023/01/27 14:30:00', 'YYYY/MM/DD HH24:MI:SS'));
insert into D_SCHEDULE values('H007', to_date('2023/01/27 15:00:00', 'YYYY/MM/DD HH24:MI:SS'));

insert into D_SCHEDULE values('H008', to_date('2023/01/23 09:00:00', 'YYYY/MM/DD HH24:MI:SS'));
insert into D_SCHEDULE values('H008', to_date('2023/01/23 09:30:00', 'YYYY/MM/DD HH24:MI:SS'));
insert into D_SCHEDULE values('H008', to_date('2023/01/23 10:00:00', 'YYYY/MM/DD HH24:MI:SS'));
insert into D_SCHEDULE values('H008', to_date('2023/01/25 09:00:00', 'YYYY/MM/DD HH24:MI:SS'));
insert into D_SCHEDULE values('H008', to_date('2023/01/25 09:30:00', 'YYYY/MM/DD HH24:MI:SS'));
insert into D_SCHEDULE values('H008', to_date('2023/01/25 10:00:00', 'YYYY/MM/DD HH24:MI:SS'));
insert into D_SCHEDULE values('H008', to_date('2023/01/25 10:30:00', 'YYYY/MM/DD HH24:MI:SS'));
insert into D_SCHEDULE values('H008', to_date('2023/01/27 13:30:00', 'YYYY/MM/DD HH24:MI:SS'));
insert into D_SCHEDULE values('H008', to_date('2023/01/27 14:30:00', 'YYYY/MM/DD HH24:MI:SS'));
insert into D_SCHEDULE values('H008', to_date('2023/01/27 15:00:00', 'YYYY/MM/DD HH24:MI:SS'));

insert into D_SCHEDULE values('H009', to_date('2023/01/23 09:00:00', 'YYYY/MM/DD HH24:MI:SS'));
insert into D_SCHEDULE values('H009', to_date('2023/01/23 09:30:00', 'YYYY/MM/DD HH24:MI:SS'));
insert into D_SCHEDULE values('H009', to_date('2023/01/23 10:00:00', 'YYYY/MM/DD HH24:MI:SS'));
insert into D_SCHEDULE values('H009', to_date('2023/01/25 09:00:00', 'YYYY/MM/DD HH24:MI:SS'));
insert into D_SCHEDULE values('H009', to_date('2023/01/25 09:30:00', 'YYYY/MM/DD HH24:MI:SS'));
insert into D_SCHEDULE values('H009', to_date('2023/01/25 10:00:00', 'YYYY/MM/DD HH24:MI:SS'));
insert into D_SCHEDULE values('H009', to_date('2023/01/25 10:30:00', 'YYYY/MM/DD HH24:MI:SS'));
insert into D_SCHEDULE values('H009', to_date('2023/01/27 13:30:00', 'YYYY/MM/DD HH24:MI:SS'));
insert into D_SCHEDULE values('H009', to_date('2023/01/27 14:30:00', 'YYYY/MM/DD HH24:MI:SS'));
insert into D_SCHEDULE values('H009', to_date('2023/01/27 15:00:00', 'YYYY/MM/DD HH24:MI:SS'));

insert into D_SCHEDULE values('H010', to_date('2023/01/23 09:00:00', 'YYYY/MM/DD HH24:MI:SS'));
insert into D_SCHEDULE values('H010', to_date('2023/01/23 09:30:00', 'YYYY/MM/DD HH24:MI:SS'));
insert into D_SCHEDULE values('H010', to_date('2023/01/23 10:00:00', 'YYYY/MM/DD HH24:MI:SS'));
insert into D_SCHEDULE values('H010', to_date('2023/01/25 09:00:00', 'YYYY/MM/DD HH24:MI:SS'));
insert into D_SCHEDULE values('H010', to_date('2023/01/25 09:30:00', 'YYYY/MM/DD HH24:MI:SS'));
insert into D_SCHEDULE values('H010', to_date('2023/01/25 10:00:00', 'YYYY/MM/DD HH24:MI:SS'));
insert into D_SCHEDULE values('H010', to_date('2023/01/25 10:30:00', 'YYYY/MM/DD HH24:MI:SS'));
insert into D_SCHEDULE values('H010', to_date('2023/01/27 13:30:00', 'YYYY/MM/DD HH24:MI:SS'));
insert into D_SCHEDULE values('H010', to_date('2023/01/27 14:30:00', 'YYYY/MM/DD HH24:MI:SS'));
insert into D_SCHEDULE values('H010', to_date('2023/01/27 15:00:00', 'YYYY/MM/DD HH24:MI:SS'));

insert into D_SCHEDULE values('H011', to_date('2023/01/23 09:00:00', 'YYYY/MM/DD HH24:MI:SS'));
insert into D_SCHEDULE values('H011', to_date('2023/01/23 09:30:00', 'YYYY/MM/DD HH24:MI:SS'));
insert into D_SCHEDULE values('H011', to_date('2023/01/23 10:00:00', 'YYYY/MM/DD HH24:MI:SS'));
insert into D_SCHEDULE values('H011', to_date('2023/01/25 09:00:00', 'YYYY/MM/DD HH24:MI:SS'));
insert into D_SCHEDULE values('H011', to_date('2023/01/25 09:30:00', 'YYYY/MM/DD HH24:MI:SS'));
insert into D_SCHEDULE values('H011', to_date('2023/01/25 10:00:00', 'YYYY/MM/DD HH24:MI:SS'));
insert into D_SCHEDULE values('H011', to_date('2023/01/25 10:30:00', 'YYYY/MM/DD HH24:MI:SS'));
insert into D_SCHEDULE values('H011', to_date('2023/01/27 13:30:00', 'YYYY/MM/DD HH24:MI:SS'));
insert into D_SCHEDULE values('H011', to_date('2023/01/27 14:30:00', 'YYYY/MM/DD HH24:MI:SS'));
insert into D_SCHEDULE values('H011', to_date('2023/01/27 15:00:00', 'YYYY/MM/DD HH24:MI:SS'));

insert into D_SCHEDULE values('H012', to_date('2023/01/23 09:00:00', 'YYYY/MM/DD HH24:MI:SS'));
insert into D_SCHEDULE values('H012', to_date('2023/01/23 09:30:00', 'YYYY/MM/DD HH24:MI:SS'));
insert into D_SCHEDULE values('H012', to_date('2023/01/23 10:00:00', 'YYYY/MM/DD HH24:MI:SS'));
insert into D_SCHEDULE values('H012', to_date('2023/01/25 09:00:00', 'YYYY/MM/DD HH24:MI:SS'));
insert into D_SCHEDULE values('H012', to_date('2023/01/25 09:30:00', 'YYYY/MM/DD HH24:MI:SS'));
insert into D_SCHEDULE values('H012', to_date('2023/01/25 10:00:00', 'YYYY/MM/DD HH24:MI:SS'));
insert into D_SCHEDULE values('H012', to_date('2023/01/25 10:30:00', 'YYYY/MM/DD HH24:MI:SS'));
insert into D_SCHEDULE values('H012', to_date('2023/01/27 13:30:00', 'YYYY/MM/DD HH24:MI:SS'));
insert into D_SCHEDULE values('H012', to_date('2023/01/27 14:30:00', 'YYYY/MM/DD HH24:MI:SS'));
insert into D_SCHEDULE values('H012', to_date('2023/01/27 15:00:00', 'YYYY/MM/DD HH24:MI:SS'));

insert into D_SCHEDULE values('I001', to_date('2023/01/23 09:00:00', 'YYYY/MM/DD HH24:MI:SS'));
insert into D_SCHEDULE values('I001', to_date('2023/01/23 09:30:00', 'YYYY/MM/DD HH24:MI:SS'));
insert into D_SCHEDULE values('I001', to_date('2023/01/23 10:00:00', 'YYYY/MM/DD HH24:MI:SS'));
insert into D_SCHEDULE values('I001', to_date('2023/01/25 09:00:00', 'YYYY/MM/DD HH24:MI:SS'));
insert into D_SCHEDULE values('I001', to_date('2023/01/25 09:30:00', 'YYYY/MM/DD HH24:MI:SS'));
insert into D_SCHEDULE values('I001', to_date('2023/01/25 10:00:00', 'YYYY/MM/DD HH24:MI:SS'));
insert into D_SCHEDULE values('I001', to_date('2023/01/25 10:30:00', 'YYYY/MM/DD HH24:MI:SS'));
insert into D_SCHEDULE values('I001', to_date('2023/01/27 13:30:00', 'YYYY/MM/DD HH24:MI:SS'));
insert into D_SCHEDULE values('I001', to_date('2023/01/27 14:30:00', 'YYYY/MM/DD HH24:MI:SS'));
insert into D_SCHEDULE values('I001', to_date('2023/01/27 15:00:00', 'YYYY/MM/DD HH24:MI:SS'));

insert into D_SCHEDULE values('I002', to_date('2023/01/23 09:00:00', 'YYYY/MM/DD HH24:MI:SS'));
insert into D_SCHEDULE values('I002', to_date('2023/01/23 09:30:00', 'YYYY/MM/DD HH24:MI:SS'));
insert into D_SCHEDULE values('I002', to_date('2023/01/23 10:00:00', 'YYYY/MM/DD HH24:MI:SS'));
insert into D_SCHEDULE values('I002', to_date('2023/01/25 09:00:00', 'YYYY/MM/DD HH24:MI:SS'));
insert into D_SCHEDULE values('I002', to_date('2023/01/25 09:30:00', 'YYYY/MM/DD HH24:MI:SS'));
insert into D_SCHEDULE values('I002', to_date('2023/01/25 10:00:00', 'YYYY/MM/DD HH24:MI:SS'));
insert into D_SCHEDULE values('I002', to_date('2023/01/25 10:30:00', 'YYYY/MM/DD HH24:MI:SS'));
insert into D_SCHEDULE values('I002', to_date('2023/01/27 13:30:00', 'YYYY/MM/DD HH24:MI:SS'));
insert into D_SCHEDULE values('I002', to_date('2023/01/27 14:30:00', 'YYYY/MM/DD HH24:MI:SS'));
insert into D_SCHEDULE values('I002', to_date('2023/01/27 15:00:00', 'YYYY/MM/DD HH24:MI:SS'));

insert into D_SCHEDULE values('I003', to_date('2023/01/23 09:00:00', 'YYYY/MM/DD HH24:MI:SS'));
insert into D_SCHEDULE values('I003', to_date('2023/01/23 09:30:00', 'YYYY/MM/DD HH24:MI:SS'));
insert into D_SCHEDULE values('I003', to_date('2023/01/23 10:00:00', 'YYYY/MM/DD HH24:MI:SS'));
insert into D_SCHEDULE values('I003', to_date('2023/01/25 09:00:00', 'YYYY/MM/DD HH24:MI:SS'));
insert into D_SCHEDULE values('I003', to_date('2023/01/25 09:30:00', 'YYYY/MM/DD HH24:MI:SS'));
insert into D_SCHEDULE values('I003', to_date('2023/01/25 10:00:00', 'YYYY/MM/DD HH24:MI:SS'));
insert into D_SCHEDULE values('I003', to_date('2023/01/25 10:30:00', 'YYYY/MM/DD HH24:MI:SS'));
insert into D_SCHEDULE values('I003', to_date('2023/01/27 13:30:00', 'YYYY/MM/DD HH24:MI:SS'));
insert into D_SCHEDULE values('I003', to_date('2023/01/27 14:30:00', 'YYYY/MM/DD HH24:MI:SS'));
insert into D_SCHEDULE values('I003', to_date('2023/01/27 15:00:00', 'YYYY/MM/DD HH24:MI:SS'));

insert into D_SCHEDULE values('I004', to_date('2023/01/23 09:00:00', 'YYYY/MM/DD HH24:MI:SS'));
insert into D_SCHEDULE values('I004', to_date('2023/01/23 09:30:00', 'YYYY/MM/DD HH24:MI:SS'));
insert into D_SCHEDULE values('I004', to_date('2023/01/23 10:00:00', 'YYYY/MM/DD HH24:MI:SS'));
insert into D_SCHEDULE values('I004', to_date('2023/01/25 09:00:00', 'YYYY/MM/DD HH24:MI:SS'));
insert into D_SCHEDULE values('I004', to_date('2023/01/25 09:30:00', 'YYYY/MM/DD HH24:MI:SS'));
insert into D_SCHEDULE values('I004', to_date('2023/01/25 10:00:00', 'YYYY/MM/DD HH24:MI:SS'));
insert into D_SCHEDULE values('I004', to_date('2023/01/25 10:30:00', 'YYYY/MM/DD HH24:MI:SS'));
insert into D_SCHEDULE values('I004', to_date('2023/01/27 13:30:00', 'YYYY/MM/DD HH24:MI:SS'));
insert into D_SCHEDULE values('I004', to_date('2023/01/27 14:30:00', 'YYYY/MM/DD HH24:MI:SS'));
insert into D_SCHEDULE values('I004', to_date('2023/01/27 15:00:00', 'YYYY/MM/DD HH24:MI:SS'));

insert into D_SCHEDULE values('I005', to_date('2023/01/23 09:00:00', 'YYYY/MM/DD HH24:MI:SS'));
insert into D_SCHEDULE values('I005', to_date('2023/01/23 09:30:00', 'YYYY/MM/DD HH24:MI:SS'));
insert into D_SCHEDULE values('I005', to_date('2023/01/23 10:00:00', 'YYYY/MM/DD HH24:MI:SS'));
insert into D_SCHEDULE values('I005', to_date('2023/01/25 09:00:00', 'YYYY/MM/DD HH24:MI:SS'));
insert into D_SCHEDULE values('I005', to_date('2023/01/25 09:30:00', 'YYYY/MM/DD HH24:MI:SS'));
insert into D_SCHEDULE values('I005', to_date('2023/01/25 10:00:00', 'YYYY/MM/DD HH24:MI:SS'));
insert into D_SCHEDULE values('I005', to_date('2023/01/25 10:30:00', 'YYYY/MM/DD HH24:MI:SS'));
insert into D_SCHEDULE values('I005', to_date('2023/01/27 13:30:00', 'YYYY/MM/DD HH24:MI:SS'));
insert into D_SCHEDULE values('I005', to_date('2023/01/27 14:30:00', 'YYYY/MM/DD HH24:MI:SS'));
insert into D_SCHEDULE values('I005', to_date('2023/01/27 15:00:00', 'YYYY/MM/DD HH24:MI:SS'));

insert into D_SCHEDULE values('I006', to_date('2023/01/23 09:00:00', 'YYYY/MM/DD HH24:MI:SS'));
insert into D_SCHEDULE values('I006', to_date('2023/01/23 09:30:00', 'YYYY/MM/DD HH24:MI:SS'));
insert into D_SCHEDULE values('I006', to_date('2023/01/23 10:00:00', 'YYYY/MM/DD HH24:MI:SS'));
insert into D_SCHEDULE values('I006', to_date('2023/01/25 09:00:00', 'YYYY/MM/DD HH24:MI:SS'));
insert into D_SCHEDULE values('I006', to_date('2023/01/25 09:30:00', 'YYYY/MM/DD HH24:MI:SS'));
insert into D_SCHEDULE values('I006', to_date('2023/01/25 10:00:00', 'YYYY/MM/DD HH24:MI:SS'));
insert into D_SCHEDULE values('I006', to_date('2023/01/25 10:30:00', 'YYYY/MM/DD HH24:MI:SS'));
insert into D_SCHEDULE values('I006', to_date('2023/01/27 13:30:00', 'YYYY/MM/DD HH24:MI:SS'));
insert into D_SCHEDULE values('I006', to_date('2023/01/27 14:30:00', 'YYYY/MM/DD HH24:MI:SS'));
insert into D_SCHEDULE values('I006', to_date('2023/01/27 15:00:00', 'YYYY/MM/DD HH24:MI:SS'));

insert into D_SCHEDULE values('I007', to_date('2023/01/23 09:00:00', 'YYYY/MM/DD HH24:MI:SS'));
insert into D_SCHEDULE values('I007', to_date('2023/01/23 09:30:00', 'YYYY/MM/DD HH24:MI:SS'));
insert into D_SCHEDULE values('I007', to_date('2023/01/23 10:00:00', 'YYYY/MM/DD HH24:MI:SS'));
insert into D_SCHEDULE values('I007', to_date('2023/01/25 09:00:00', 'YYYY/MM/DD HH24:MI:SS'));
insert into D_SCHEDULE values('I007', to_date('2023/01/25 09:30:00', 'YYYY/MM/DD HH24:MI:SS'));
insert into D_SCHEDULE values('I007', to_date('2023/01/25 10:00:00', 'YYYY/MM/DD HH24:MI:SS'));
insert into D_SCHEDULE values('I007', to_date('2023/01/25 10:30:00', 'YYYY/MM/DD HH24:MI:SS'));
insert into D_SCHEDULE values('I007', to_date('2023/01/27 13:30:00', 'YYYY/MM/DD HH24:MI:SS'));
insert into D_SCHEDULE values('I007', to_date('2023/01/27 14:30:00', 'YYYY/MM/DD HH24:MI:SS'));
insert into D_SCHEDULE values('I007', to_date('2023/01/27 15:00:00', 'YYYY/MM/DD HH24:MI:SS'));

insert into D_SCHEDULE values('I008', to_date('2023/01/23 09:00:00', 'YYYY/MM/DD HH24:MI:SS'));
insert into D_SCHEDULE values('I008', to_date('2023/01/23 09:30:00', 'YYYY/MM/DD HH24:MI:SS'));
insert into D_SCHEDULE values('I008', to_date('2023/01/23 10:00:00', 'YYYY/MM/DD HH24:MI:SS'));
insert into D_SCHEDULE values('I008', to_date('2023/01/25 09:00:00', 'YYYY/MM/DD HH24:MI:SS'));
insert into D_SCHEDULE values('I008', to_date('2023/01/25 09:30:00', 'YYYY/MM/DD HH24:MI:SS'));
insert into D_SCHEDULE values('I008', to_date('2023/01/25 10:00:00', 'YYYY/MM/DD HH24:MI:SS'));
insert into D_SCHEDULE values('I008', to_date('2023/01/25 10:30:00', 'YYYY/MM/DD HH24:MI:SS'));
insert into D_SCHEDULE values('I008', to_date('2023/01/27 13:30:00', 'YYYY/MM/DD HH24:MI:SS'));
insert into D_SCHEDULE values('I008', to_date('2023/01/27 14:30:00', 'YYYY/MM/DD HH24:MI:SS'));
insert into D_SCHEDULE values('I008', to_date('2023/01/27 15:00:00', 'YYYY/MM/DD HH24:MI:SS'));

insert into D_SCHEDULE values('I009', to_date('2023/01/23 09:00:00', 'YYYY/MM/DD HH24:MI:SS'));
insert into D_SCHEDULE values('I009', to_date('2023/01/23 09:30:00', 'YYYY/MM/DD HH24:MI:SS'));
insert into D_SCHEDULE values('I009', to_date('2023/01/23 10:00:00', 'YYYY/MM/DD HH24:MI:SS'));
insert into D_SCHEDULE values('I009', to_date('2023/01/25 09:00:00', 'YYYY/MM/DD HH24:MI:SS'));
insert into D_SCHEDULE values('I009', to_date('2023/01/25 09:30:00', 'YYYY/MM/DD HH24:MI:SS'));
insert into D_SCHEDULE values('I009', to_date('2023/01/25 10:00:00', 'YYYY/MM/DD HH24:MI:SS'));
insert into D_SCHEDULE values('I009', to_date('2023/01/25 10:30:00', 'YYYY/MM/DD HH24:MI:SS'));
insert into D_SCHEDULE values('I009', to_date('2023/01/27 13:30:00', 'YYYY/MM/DD HH24:MI:SS'));
insert into D_SCHEDULE values('I009', to_date('2023/01/27 14:30:00', 'YYYY/MM/DD HH24:MI:SS'));
insert into D_SCHEDULE values('I009', to_date('2023/01/27 15:00:00', 'YYYY/MM/DD HH24:MI:SS'));

insert into D_SCHEDULE values('I010', to_date('2023/01/23 09:00:00', 'YYYY/MM/DD HH24:MI:SS'));
insert into D_SCHEDULE values('I010', to_date('2023/01/23 09:30:00', 'YYYY/MM/DD HH24:MI:SS'));
insert into D_SCHEDULE values('I010', to_date('2023/01/23 10:00:00', 'YYYY/MM/DD HH24:MI:SS'));
insert into D_SCHEDULE values('I010', to_date('2023/01/25 09:00:00', 'YYYY/MM/DD HH24:MI:SS'));
insert into D_SCHEDULE values('I010', to_date('2023/01/25 09:30:00', 'YYYY/MM/DD HH24:MI:SS'));
insert into D_SCHEDULE values('I010', to_date('2023/01/25 10:00:00', 'YYYY/MM/DD HH24:MI:SS'));
insert into D_SCHEDULE values('I010', to_date('2023/01/25 10:30:00', 'YYYY/MM/DD HH24:MI:SS'));
insert into D_SCHEDULE values('I010', to_date('2023/01/27 13:30:00', 'YYYY/MM/DD HH24:MI:SS'));
insert into D_SCHEDULE values('I010', to_date('2023/01/27 14:30:00', 'YYYY/MM/DD HH24:MI:SS'));
insert into D_SCHEDULE values('I010', to_date('2023/01/27 15:00:00', 'YYYY/MM/DD HH24:MI:SS'));

insert into D_SCHEDULE values('J001', to_date('2023/01/23 09:00:00', 'YYYY/MM/DD HH24:MI:SS'));
insert into D_SCHEDULE values('J001', to_date('2023/01/23 09:30:00', 'YYYY/MM/DD HH24:MI:SS'));
insert into D_SCHEDULE values('J001', to_date('2023/01/23 10:00:00', 'YYYY/MM/DD HH24:MI:SS'));
insert into D_SCHEDULE values('J001', to_date('2023/01/25 09:00:00', 'YYYY/MM/DD HH24:MI:SS'));
insert into D_SCHEDULE values('J001', to_date('2023/01/25 09:30:00', 'YYYY/MM/DD HH24:MI:SS'));
insert into D_SCHEDULE values('J001', to_date('2023/01/25 10:00:00', 'YYYY/MM/DD HH24:MI:SS'));
insert into D_SCHEDULE values('J001', to_date('2023/01/25 10:30:00', 'YYYY/MM/DD HH24:MI:SS'));
insert into D_SCHEDULE values('J001', to_date('2023/01/27 13:30:00', 'YYYY/MM/DD HH24:MI:SS'));
insert into D_SCHEDULE values('J001', to_date('2023/01/27 14:30:00', 'YYYY/MM/DD HH24:MI:SS'));
insert into D_SCHEDULE values('J001', to_date('2023/01/27 15:00:00', 'YYYY/MM/DD HH24:MI:SS'));

insert into D_SCHEDULE values('J002', to_date('2023/01/23 09:00:00', 'YYYY/MM/DD HH24:MI:SS'));
insert into D_SCHEDULE values('J002', to_date('2023/01/23 09:30:00', 'YYYY/MM/DD HH24:MI:SS'));
insert into D_SCHEDULE values('J002', to_date('2023/01/23 10:00:00', 'YYYY/MM/DD HH24:MI:SS'));
insert into D_SCHEDULE values('J002', to_date('2023/01/25 09:00:00', 'YYYY/MM/DD HH24:MI:SS'));
insert into D_SCHEDULE values('J002', to_date('2023/01/25 09:30:00', 'YYYY/MM/DD HH24:MI:SS'));
insert into D_SCHEDULE values('J002', to_date('2023/01/25 10:00:00', 'YYYY/MM/DD HH24:MI:SS'));
insert into D_SCHEDULE values('J002', to_date('2023/01/25 10:30:00', 'YYYY/MM/DD HH24:MI:SS'));
insert into D_SCHEDULE values('J002', to_date('2023/01/27 13:30:00', 'YYYY/MM/DD HH24:MI:SS'));
insert into D_SCHEDULE values('J002', to_date('2023/01/27 14:30:00', 'YYYY/MM/DD HH24:MI:SS'));
insert into D_SCHEDULE values('J002', to_date('2023/01/27 15:00:00', 'YYYY/MM/DD HH24:MI:SS'));

insert into D_SCHEDULE values('J003', to_date('2023/01/23 09:00:00', 'YYYY/MM/DD HH24:MI:SS'));
insert into D_SCHEDULE values('J003', to_date('2023/01/23 09:30:00', 'YYYY/MM/DD HH24:MI:SS'));
insert into D_SCHEDULE values('J003', to_date('2023/01/23 10:00:00', 'YYYY/MM/DD HH24:MI:SS'));
insert into D_SCHEDULE values('J003', to_date('2023/01/25 09:00:00', 'YYYY/MM/DD HH24:MI:SS'));
insert into D_SCHEDULE values('J003', to_date('2023/01/25 09:30:00', 'YYYY/MM/DD HH24:MI:SS'));
insert into D_SCHEDULE values('J003', to_date('2023/01/25 10:00:00', 'YYYY/MM/DD HH24:MI:SS'));
insert into D_SCHEDULE values('J003', to_date('2023/01/25 10:30:00', 'YYYY/MM/DD HH24:MI:SS'));
insert into D_SCHEDULE values('J003', to_date('2023/01/27 13:30:00', 'YYYY/MM/DD HH24:MI:SS'));
insert into D_SCHEDULE values('J003', to_date('2023/01/27 14:30:00', 'YYYY/MM/DD HH24:MI:SS'));
insert into D_SCHEDULE values('J003', to_date('2023/01/27 15:00:00', 'YYYY/MM/DD HH24:MI:SS'));

insert into D_SCHEDULE values('J004', to_date('2023/01/23 09:00:00', 'YYYY/MM/DD HH24:MI:SS'));
insert into D_SCHEDULE values('J004', to_date('2023/01/23 09:30:00', 'YYYY/MM/DD HH24:MI:SS'));
insert into D_SCHEDULE values('J004', to_date('2023/01/23 10:00:00', 'YYYY/MM/DD HH24:MI:SS'));
insert into D_SCHEDULE values('J004', to_date('2023/01/25 09:00:00', 'YYYY/MM/DD HH24:MI:SS'));
insert into D_SCHEDULE values('J004', to_date('2023/01/25 09:30:00', 'YYYY/MM/DD HH24:MI:SS'));
insert into D_SCHEDULE values('J004', to_date('2023/01/25 10:00:00', 'YYYY/MM/DD HH24:MI:SS'));
insert into D_SCHEDULE values('J004', to_date('2023/01/25 10:30:00', 'YYYY/MM/DD HH24:MI:SS'));
insert into D_SCHEDULE values('J004', to_date('2023/01/27 13:30:00', 'YYYY/MM/DD HH24:MI:SS'));
insert into D_SCHEDULE values('J004', to_date('2023/01/27 14:30:00', 'YYYY/MM/DD HH24:MI:SS'));
insert into D_SCHEDULE values('J004', to_date('2023/01/27 15:00:00', 'YYYY/MM/DD HH24:MI:SS'));

insert into D_SCHEDULE values('J005', to_date('2023/01/23 09:00:00', 'YYYY/MM/DD HH24:MI:SS'));
insert into D_SCHEDULE values('J005', to_date('2023/01/23 09:30:00', 'YYYY/MM/DD HH24:MI:SS'));
insert into D_SCHEDULE values('J005', to_date('2023/01/23 10:00:00', 'YYYY/MM/DD HH24:MI:SS'));
insert into D_SCHEDULE values('J005', to_date('2023/01/25 09:00:00', 'YYYY/MM/DD HH24:MI:SS'));
insert into D_SCHEDULE values('J005', to_date('2023/01/25 09:30:00', 'YYYY/MM/DD HH24:MI:SS'));
insert into D_SCHEDULE values('J005', to_date('2023/01/25 10:00:00', 'YYYY/MM/DD HH24:MI:SS'));
insert into D_SCHEDULE values('J005', to_date('2023/01/25 10:30:00', 'YYYY/MM/DD HH24:MI:SS'));
insert into D_SCHEDULE values('J005', to_date('2023/01/27 13:30:00', 'YYYY/MM/DD HH24:MI:SS'));
insert into D_SCHEDULE values('J005', to_date('2023/01/27 14:30:00', 'YYYY/MM/DD HH24:MI:SS'));
insert into D_SCHEDULE values('J005', to_date('2023/01/27 15:00:00', 'YYYY/MM/DD HH24:MI:SS'));

insert into D_SCHEDULE values('J006', to_date('2023/01/23 09:00:00', 'YYYY/MM/DD HH24:MI:SS'));
insert into D_SCHEDULE values('J006', to_date('2023/01/23 09:30:00', 'YYYY/MM/DD HH24:MI:SS'));
insert into D_SCHEDULE values('J006', to_date('2023/01/23 10:00:00', 'YYYY/MM/DD HH24:MI:SS'));
insert into D_SCHEDULE values('J006', to_date('2023/01/25 09:00:00', 'YYYY/MM/DD HH24:MI:SS'));
insert into D_SCHEDULE values('J006', to_date('2023/01/25 09:30:00', 'YYYY/MM/DD HH24:MI:SS'));
insert into D_SCHEDULE values('J006', to_date('2023/01/25 10:00:00', 'YYYY/MM/DD HH24:MI:SS'));
insert into D_SCHEDULE values('J006', to_date('2023/01/25 10:30:00', 'YYYY/MM/DD HH24:MI:SS'));
insert into D_SCHEDULE values('J006', to_date('2023/01/27 13:30:00', 'YYYY/MM/DD HH24:MI:SS'));
insert into D_SCHEDULE values('J006', to_date('2023/01/27 14:30:00', 'YYYY/MM/DD HH24:MI:SS'));
insert into D_SCHEDULE values('J006', to_date('2023/01/27 15:00:00', 'YYYY/MM/DD HH24:MI:SS'));

insert into D_SCHEDULE values('J007', to_date('2023/01/23 09:00:00', 'YYYY/MM/DD HH24:MI:SS'));
insert into D_SCHEDULE values('J007', to_date('2023/01/23 09:30:00', 'YYYY/MM/DD HH24:MI:SS'));
insert into D_SCHEDULE values('J007', to_date('2023/01/23 10:00:00', 'YYYY/MM/DD HH24:MI:SS'));
insert into D_SCHEDULE values('J007', to_date('2023/01/25 09:00:00', 'YYYY/MM/DD HH24:MI:SS'));
insert into D_SCHEDULE values('J007', to_date('2023/01/25 09:30:00', 'YYYY/MM/DD HH24:MI:SS'));
insert into D_SCHEDULE values('J007', to_date('2023/01/25 10:00:00', 'YYYY/MM/DD HH24:MI:SS'));
insert into D_SCHEDULE values('J007', to_date('2023/01/25 10:30:00', 'YYYY/MM/DD HH24:MI:SS'));
insert into D_SCHEDULE values('J007', to_date('2023/01/27 13:30:00', 'YYYY/MM/DD HH24:MI:SS'));
insert into D_SCHEDULE values('J007', to_date('2023/01/27 14:30:00', 'YYYY/MM/DD HH24:MI:SS'));
insert into D_SCHEDULE values('J007', to_date('2023/01/27 15:00:00', 'YYYY/MM/DD HH24:MI:SS'));

insert into D_SCHEDULE values('J008', to_date('2023/01/23 09:00:00', 'YYYY/MM/DD HH24:MI:SS'));
insert into D_SCHEDULE values('J008', to_date('2023/01/23 09:30:00', 'YYYY/MM/DD HH24:MI:SS'));
insert into D_SCHEDULE values('J008', to_date('2023/01/23 10:00:00', 'YYYY/MM/DD HH24:MI:SS'));
insert into D_SCHEDULE values('J008', to_date('2023/01/25 09:00:00', 'YYYY/MM/DD HH24:MI:SS'));
insert into D_SCHEDULE values('J008', to_date('2023/01/25 09:30:00', 'YYYY/MM/DD HH24:MI:SS'));
insert into D_SCHEDULE values('J008', to_date('2023/01/25 10:00:00', 'YYYY/MM/DD HH24:MI:SS'));
insert into D_SCHEDULE values('J008', to_date('2023/01/25 10:30:00', 'YYYY/MM/DD HH24:MI:SS'));
insert into D_SCHEDULE values('J008', to_date('2023/01/27 13:30:00', 'YYYY/MM/DD HH24:MI:SS'));
insert into D_SCHEDULE values('J008', to_date('2023/01/27 14:30:00', 'YYYY/MM/DD HH24:MI:SS'));
insert into D_SCHEDULE values('J008', to_date('2023/01/27 15:00:00', 'YYYY/MM/DD HH24:MI:SS'));

insert into D_SCHEDULE values('J009', to_date('2023/01/23 09:00:00', 'YYYY/MM/DD HH24:MI:SS'));
insert into D_SCHEDULE values('J009', to_date('2023/01/23 09:30:00', 'YYYY/MM/DD HH24:MI:SS'));
insert into D_SCHEDULE values('J009', to_date('2023/01/23 10:00:00', 'YYYY/MM/DD HH24:MI:SS'));
insert into D_SCHEDULE values('J009', to_date('2023/01/25 09:00:00', 'YYYY/MM/DD HH24:MI:SS'));
insert into D_SCHEDULE values('J009', to_date('2023/01/25 09:30:00', 'YYYY/MM/DD HH24:MI:SS'));
insert into D_SCHEDULE values('J009', to_date('2023/01/25 10:00:00', 'YYYY/MM/DD HH24:MI:SS'));
insert into D_SCHEDULE values('J009', to_date('2023/01/25 10:30:00', 'YYYY/MM/DD HH24:MI:SS'));
insert into D_SCHEDULE values('J009', to_date('2023/01/27 13:30:00', 'YYYY/MM/DD HH24:MI:SS'));
insert into D_SCHEDULE values('J009', to_date('2023/01/27 14:30:00', 'YYYY/MM/DD HH24:MI:SS'));
insert into D_SCHEDULE values('J009', to_date('2023/01/27 15:00:00', 'YYYY/MM/DD HH24:MI:SS'));

insert into D_SCHEDULE values('J010', to_date('2023/01/23 09:00:00', 'YYYY/MM/DD HH24:MI:SS'));
insert into D_SCHEDULE values('J010', to_date('2023/01/23 09:30:00', 'YYYY/MM/DD HH24:MI:SS'));
insert into D_SCHEDULE values('J010', to_date('2023/01/23 10:00:00', 'YYYY/MM/DD HH24:MI:SS'));
insert into D_SCHEDULE values('J010', to_date('2023/01/25 09:00:00', 'YYYY/MM/DD HH24:MI:SS'));
insert into D_SCHEDULE values('J010', to_date('2023/01/25 09:30:00', 'YYYY/MM/DD HH24:MI:SS'));
insert into D_SCHEDULE values('J010', to_date('2023/01/25 10:00:00', 'YYYY/MM/DD HH24:MI:SS'));
insert into D_SCHEDULE values('J010', to_date('2023/01/25 10:30:00', 'YYYY/MM/DD HH24:MI:SS'));
insert into D_SCHEDULE values('J010', to_date('2023/01/27 13:30:00', 'YYYY/MM/DD HH24:MI:SS'));
insert into D_SCHEDULE values('J010', to_date('2023/01/27 14:30:00', 'YYYY/MM/DD HH24:MI:SS'));
insert into D_SCHEDULE values('J010', to_date('2023/01/27 15:00:00', 'YYYY/MM/DD HH24:MI:SS'));

insert into D_SCHEDULE values('J011', to_date('2023/01/23 09:00:00', 'YYYY/MM/DD HH24:MI:SS'));
insert into D_SCHEDULE values('J011', to_date('2023/01/23 09:30:00', 'YYYY/MM/DD HH24:MI:SS'));
insert into D_SCHEDULE values('J011', to_date('2023/01/23 10:00:00', 'YYYY/MM/DD HH24:MI:SS'));
insert into D_SCHEDULE values('J011', to_date('2023/01/25 09:00:00', 'YYYY/MM/DD HH24:MI:SS'));
insert into D_SCHEDULE values('J011', to_date('2023/01/25 09:30:00', 'YYYY/MM/DD HH24:MI:SS'));
insert into D_SCHEDULE values('J011', to_date('2023/01/25 10:00:00', 'YYYY/MM/DD HH24:MI:SS'));
insert into D_SCHEDULE values('J011', to_date('2023/01/25 10:30:00', 'YYYY/MM/DD HH24:MI:SS'));
insert into D_SCHEDULE values('J011', to_date('2023/01/27 13:30:00', 'YYYY/MM/DD HH24:MI:SS'));
insert into D_SCHEDULE values('J011', to_date('2023/01/27 14:30:00', 'YYYY/MM/DD HH24:MI:SS'));
insert into D_SCHEDULE values('J011', to_date('2023/01/27 15:00:00', 'YYYY/MM/DD HH24:MI:SS'));

insert into D_SCHEDULE values('J012', to_date('2023/01/23 09:00:00', 'YYYY/MM/DD HH24:MI:SS'));
insert into D_SCHEDULE values('J012', to_date('2023/01/23 09:30:00', 'YYYY/MM/DD HH24:MI:SS'));
insert into D_SCHEDULE values('J012', to_date('2023/01/23 10:00:00', 'YYYY/MM/DD HH24:MI:SS'));
insert into D_SCHEDULE values('J012', to_date('2023/01/25 09:00:00', 'YYYY/MM/DD HH24:MI:SS'));
insert into D_SCHEDULE values('J012', to_date('2023/01/25 09:30:00', 'YYYY/MM/DD HH24:MI:SS'));
insert into D_SCHEDULE values('J012', to_date('2023/01/25 10:00:00', 'YYYY/MM/DD HH24:MI:SS'));
insert into D_SCHEDULE values('J012', to_date('2023/01/25 10:30:00', 'YYYY/MM/DD HH24:MI:SS'));
insert into D_SCHEDULE values('J012', to_date('2023/01/27 13:30:00', 'YYYY/MM/DD HH24:MI:SS'));
insert into D_SCHEDULE values('J012', to_date('2023/01/27 14:30:00', 'YYYY/MM/DD HH24:MI:SS'));
insert into D_SCHEDULE values('J012', to_date('2023/01/27 15:00:00', 'YYYY/MM/DD HH24:MI:SS'));

insert into D_SCHEDULE values('K001', to_date('2023/01/23 09:00:00', 'YYYY/MM/DD HH24:MI:SS'));
insert into D_SCHEDULE values('K001', to_date('2023/01/23 09:30:00', 'YYYY/MM/DD HH24:MI:SS'));
insert into D_SCHEDULE values('K001', to_date('2023/01/23 10:00:00', 'YYYY/MM/DD HH24:MI:SS'));
insert into D_SCHEDULE values('K001', to_date('2023/01/25 09:00:00', 'YYYY/MM/DD HH24:MI:SS'));
insert into D_SCHEDULE values('K001', to_date('2023/01/25 09:30:00', 'YYYY/MM/DD HH24:MI:SS'));
insert into D_SCHEDULE values('K001', to_date('2023/01/25 10:00:00', 'YYYY/MM/DD HH24:MI:SS'));
insert into D_SCHEDULE values('K001', to_date('2023/01/25 10:30:00', 'YYYY/MM/DD HH24:MI:SS'));
insert into D_SCHEDULE values('K001', to_date('2023/01/27 13:30:00', 'YYYY/MM/DD HH24:MI:SS'));
insert into D_SCHEDULE values('K001', to_date('2023/01/27 14:30:00', 'YYYY/MM/DD HH24:MI:SS'));
insert into D_SCHEDULE values('K001', to_date('2023/01/27 15:00:00', 'YYYY/MM/DD HH24:MI:SS'));

insert into D_SCHEDULE values('K002', to_date('2023/01/23 09:00:00', 'YYYY/MM/DD HH24:MI:SS'));
insert into D_SCHEDULE values('K002', to_date('2023/01/23 09:30:00', 'YYYY/MM/DD HH24:MI:SS'));
insert into D_SCHEDULE values('K002', to_date('2023/01/23 10:00:00', 'YYYY/MM/DD HH24:MI:SS'));
insert into D_SCHEDULE values('K002', to_date('2023/01/25 09:00:00', 'YYYY/MM/DD HH24:MI:SS'));
insert into D_SCHEDULE values('K002', to_date('2023/01/25 09:30:00', 'YYYY/MM/DD HH24:MI:SS'));
insert into D_SCHEDULE values('K002', to_date('2023/01/25 10:00:00', 'YYYY/MM/DD HH24:MI:SS'));
insert into D_SCHEDULE values('K002', to_date('2023/01/25 10:30:00', 'YYYY/MM/DD HH24:MI:SS'));
insert into D_SCHEDULE values('K002', to_date('2023/01/27 13:30:00', 'YYYY/MM/DD HH24:MI:SS'));
insert into D_SCHEDULE values('K002', to_date('2023/01/27 14:30:00', 'YYYY/MM/DD HH24:MI:SS'));
insert into D_SCHEDULE values('K002', to_date('2023/01/27 15:00:00', 'YYYY/MM/DD HH24:MI:SS'));

insert into D_SCHEDULE values('K003', to_date('2023/01/23 09:00:00', 'YYYY/MM/DD HH24:MI:SS'));
insert into D_SCHEDULE values('K003', to_date('2023/01/23 09:30:00', 'YYYY/MM/DD HH24:MI:SS'));
insert into D_SCHEDULE values('K003', to_date('2023/01/23 10:00:00', 'YYYY/MM/DD HH24:MI:SS'));
insert into D_SCHEDULE values('K003', to_date('2023/01/25 09:00:00', 'YYYY/MM/DD HH24:MI:SS'));
insert into D_SCHEDULE values('K003', to_date('2023/01/25 09:30:00', 'YYYY/MM/DD HH24:MI:SS'));
insert into D_SCHEDULE values('K003', to_date('2023/01/25 10:00:00', 'YYYY/MM/DD HH24:MI:SS'));
insert into D_SCHEDULE values('K003', to_date('2023/01/25 10:30:00', 'YYYY/MM/DD HH24:MI:SS'));
insert into D_SCHEDULE values('K003', to_date('2023/01/27 13:30:00', 'YYYY/MM/DD HH24:MI:SS'));
insert into D_SCHEDULE values('K003', to_date('2023/01/27 14:30:00', 'YYYY/MM/DD HH24:MI:SS'));
insert into D_SCHEDULE values('K003', to_date('2023/01/27 15:00:00', 'YYYY/MM/DD HH24:MI:SS'));

insert into D_SCHEDULE values('K004', to_date('2023/01/23 09:00:00', 'YYYY/MM/DD HH24:MI:SS'));
insert into D_SCHEDULE values('K004', to_date('2023/01/23 09:30:00', 'YYYY/MM/DD HH24:MI:SS'));
insert into D_SCHEDULE values('K004', to_date('2023/01/23 10:00:00', 'YYYY/MM/DD HH24:MI:SS'));
insert into D_SCHEDULE values('K004', to_date('2023/01/25 09:00:00', 'YYYY/MM/DD HH24:MI:SS'));
insert into D_SCHEDULE values('K004', to_date('2023/01/25 09:30:00', 'YYYY/MM/DD HH24:MI:SS'));
insert into D_SCHEDULE values('K004', to_date('2023/01/25 10:00:00', 'YYYY/MM/DD HH24:MI:SS'));
insert into D_SCHEDULE values('K004', to_date('2023/01/25 10:30:00', 'YYYY/MM/DD HH24:MI:SS'));
insert into D_SCHEDULE values('K004', to_date('2023/01/27 13:30:00', 'YYYY/MM/DD HH24:MI:SS'));
insert into D_SCHEDULE values('K004', to_date('2023/01/27 14:30:00', 'YYYY/MM/DD HH24:MI:SS'));
insert into D_SCHEDULE values('K004', to_date('2023/01/27 15:00:00', 'YYYY/MM/DD HH24:MI:SS'));

insert into D_SCHEDULE values('K005', to_date('2023/01/23 09:00:00', 'YYYY/MM/DD HH24:MI:SS'));
insert into D_SCHEDULE values('K005', to_date('2023/01/23 09:30:00', 'YYYY/MM/DD HH24:MI:SS'));
insert into D_SCHEDULE values('K005', to_date('2023/01/23 10:00:00', 'YYYY/MM/DD HH24:MI:SS'));
insert into D_SCHEDULE values('K005', to_date('2023/01/25 09:00:00', 'YYYY/MM/DD HH24:MI:SS'));
insert into D_SCHEDULE values('K005', to_date('2023/01/25 09:30:00', 'YYYY/MM/DD HH24:MI:SS'));
insert into D_SCHEDULE values('K005', to_date('2023/01/25 10:00:00', 'YYYY/MM/DD HH24:MI:SS'));
insert into D_SCHEDULE values('K005', to_date('2023/01/25 10:30:00', 'YYYY/MM/DD HH24:MI:SS'));
insert into D_SCHEDULE values('K005', to_date('2023/01/27 13:30:00', 'YYYY/MM/DD HH24:MI:SS'));
insert into D_SCHEDULE values('K005', to_date('2023/01/27 14:30:00', 'YYYY/MM/DD HH24:MI:SS'));
insert into D_SCHEDULE values('K005', to_date('2023/01/27 15:00:00', 'YYYY/MM/DD HH24:MI:SS'));

insert into D_SCHEDULE values('K006', to_date('2023/01/23 09:00:00', 'YYYY/MM/DD HH24:MI:SS'));
insert into D_SCHEDULE values('K006', to_date('2023/01/23 09:30:00', 'YYYY/MM/DD HH24:MI:SS'));
insert into D_SCHEDULE values('K006', to_date('2023/01/23 10:00:00', 'YYYY/MM/DD HH24:MI:SS'));
insert into D_SCHEDULE values('K006', to_date('2023/01/25 09:00:00', 'YYYY/MM/DD HH24:MI:SS'));
insert into D_SCHEDULE values('K006', to_date('2023/01/25 09:30:00', 'YYYY/MM/DD HH24:MI:SS'));
insert into D_SCHEDULE values('K006', to_date('2023/01/25 10:00:00', 'YYYY/MM/DD HH24:MI:SS'));
insert into D_SCHEDULE values('K006', to_date('2023/01/25 10:30:00', 'YYYY/MM/DD HH24:MI:SS'));
insert into D_SCHEDULE values('K006', to_date('2023/01/27 13:30:00', 'YYYY/MM/DD HH24:MI:SS'));
insert into D_SCHEDULE values('K006', to_date('2023/01/27 14:30:00', 'YYYY/MM/DD HH24:MI:SS'));
insert into D_SCHEDULE values('K006', to_date('2023/01/27 15:00:00', 'YYYY/MM/DD HH24:MI:SS'));

insert into D_SCHEDULE values('K007', to_date('2023/01/23 09:00:00', 'YYYY/MM/DD HH24:MI:SS'));
insert into D_SCHEDULE values('K007', to_date('2023/01/23 09:30:00', 'YYYY/MM/DD HH24:MI:SS'));
insert into D_SCHEDULE values('K007', to_date('2023/01/23 10:00:00', 'YYYY/MM/DD HH24:MI:SS'));
insert into D_SCHEDULE values('K007', to_date('2023/01/25 09:00:00', 'YYYY/MM/DD HH24:MI:SS'));
insert into D_SCHEDULE values('K007', to_date('2023/01/25 09:30:00', 'YYYY/MM/DD HH24:MI:SS'));
insert into D_SCHEDULE values('K007', to_date('2023/01/25 10:00:00', 'YYYY/MM/DD HH24:MI:SS'));
insert into D_SCHEDULE values('K007', to_date('2023/01/25 10:30:00', 'YYYY/MM/DD HH24:MI:SS'));
insert into D_SCHEDULE values('K007', to_date('2023/01/27 13:30:00', 'YYYY/MM/DD HH24:MI:SS'));
insert into D_SCHEDULE values('K007', to_date('2023/01/27 14:30:00', 'YYYY/MM/DD HH24:MI:SS'));
insert into D_SCHEDULE values('K007', to_date('2023/01/27 15:00:00', 'YYYY/MM/DD HH24:MI:SS'));

insert into D_SCHEDULE values('L001', to_date('2023/01/23 09:00:00', 'YYYY/MM/DD HH24:MI:SS'));
insert into D_SCHEDULE values('L001', to_date('2023/01/23 09:30:00', 'YYYY/MM/DD HH24:MI:SS'));
insert into D_SCHEDULE values('L001', to_date('2023/01/23 10:00:00', 'YYYY/MM/DD HH24:MI:SS'));
insert into D_SCHEDULE values('L001', to_date('2023/01/25 09:00:00', 'YYYY/MM/DD HH24:MI:SS'));
insert into D_SCHEDULE values('L001', to_date('2023/01/25 09:30:00', 'YYYY/MM/DD HH24:MI:SS'));
insert into D_SCHEDULE values('L001', to_date('2023/01/25 10:00:00', 'YYYY/MM/DD HH24:MI:SS'));
insert into D_SCHEDULE values('L001', to_date('2023/01/25 10:30:00', 'YYYY/MM/DD HH24:MI:SS'));
insert into D_SCHEDULE values('L001', to_date('2023/01/27 13:30:00', 'YYYY/MM/DD HH24:MI:SS'));
insert into D_SCHEDULE values('L001', to_date('2023/01/27 14:30:00', 'YYYY/MM/DD HH24:MI:SS'));
insert into D_SCHEDULE values('L001', to_date('2023/01/27 15:00:00', 'YYYY/MM/DD HH24:MI:SS'));

insert into D_SCHEDULE values('L002', to_date('2023/01/23 09:00:00', 'YYYY/MM/DD HH24:MI:SS'));
insert into D_SCHEDULE values('L002', to_date('2023/01/23 09:30:00', 'YYYY/MM/DD HH24:MI:SS'));
insert into D_SCHEDULE values('L002', to_date('2023/01/23 10:00:00', 'YYYY/MM/DD HH24:MI:SS'));
insert into D_SCHEDULE values('L002', to_date('2023/01/25 09:00:00', 'YYYY/MM/DD HH24:MI:SS'));
insert into D_SCHEDULE values('L002', to_date('2023/01/25 09:30:00', 'YYYY/MM/DD HH24:MI:SS'));
insert into D_SCHEDULE values('L002', to_date('2023/01/25 10:00:00', 'YYYY/MM/DD HH24:MI:SS'));
insert into D_SCHEDULE values('L002', to_date('2023/01/25 10:30:00', 'YYYY/MM/DD HH24:MI:SS'));
insert into D_SCHEDULE values('L002', to_date('2023/01/27 13:30:00', 'YYYY/MM/DD HH24:MI:SS'));
insert into D_SCHEDULE values('L002', to_date('2023/01/27 14:30:00', 'YYYY/MM/DD HH24:MI:SS'));
insert into D_SCHEDULE values('L002', to_date('2023/01/27 15:00:00', 'YYYY/MM/DD HH24:MI:SS'));

insert into D_SCHEDULE values('L003', to_date('2023/01/23 09:00:00', 'YYYY/MM/DD HH24:MI:SS'));
insert into D_SCHEDULE values('L003', to_date('2023/01/23 09:30:00', 'YYYY/MM/DD HH24:MI:SS'));
insert into D_SCHEDULE values('L003', to_date('2023/01/23 10:00:00', 'YYYY/MM/DD HH24:MI:SS'));
insert into D_SCHEDULE values('L003', to_date('2023/01/25 09:00:00', 'YYYY/MM/DD HH24:MI:SS'));
insert into D_SCHEDULE values('L003', to_date('2023/01/25 09:30:00', 'YYYY/MM/DD HH24:MI:SS'));
insert into D_SCHEDULE values('L003', to_date('2023/01/25 10:00:00', 'YYYY/MM/DD HH24:MI:SS'));
insert into D_SCHEDULE values('L003', to_date('2023/01/25 10:30:00', 'YYYY/MM/DD HH24:MI:SS'));
insert into D_SCHEDULE values('L003', to_date('2023/01/27 13:30:00', 'YYYY/MM/DD HH24:MI:SS'));
insert into D_SCHEDULE values('L003', to_date('2023/01/27 14:30:00', 'YYYY/MM/DD HH24:MI:SS'));
insert into D_SCHEDULE values('L003', to_date('2023/01/27 15:00:00', 'YYYY/MM/DD HH24:MI:SS'));

insert into D_SCHEDULE values('L004', to_date('2023/01/23 09:00:00', 'YYYY/MM/DD HH24:MI:SS'));
insert into D_SCHEDULE values('L004', to_date('2023/01/23 09:30:00', 'YYYY/MM/DD HH24:MI:SS'));
insert into D_SCHEDULE values('L004', to_date('2023/01/23 10:00:00', 'YYYY/MM/DD HH24:MI:SS'));
insert into D_SCHEDULE values('L004', to_date('2023/01/25 09:00:00', 'YYYY/MM/DD HH24:MI:SS'));
insert into D_SCHEDULE values('L004', to_date('2023/01/25 09:30:00', 'YYYY/MM/DD HH24:MI:SS'));
insert into D_SCHEDULE values('L004', to_date('2023/01/25 10:00:00', 'YYYY/MM/DD HH24:MI:SS'));
insert into D_SCHEDULE values('L004', to_date('2023/01/25 10:30:00', 'YYYY/MM/DD HH24:MI:SS'));
insert into D_SCHEDULE values('L004', to_date('2023/01/27 13:30:00', 'YYYY/MM/DD HH24:MI:SS'));
insert into D_SCHEDULE values('L004', to_date('2023/01/27 14:30:00', 'YYYY/MM/DD HH24:MI:SS'));
insert into D_SCHEDULE values('L004', to_date('2023/01/27 15:00:00', 'YYYY/MM/DD HH24:MI:SS'));

insert into D_SCHEDULE values('L005', to_date('2023/01/23 09:00:00', 'YYYY/MM/DD HH24:MI:SS'));
insert into D_SCHEDULE values('L005', to_date('2023/01/23 09:30:00', 'YYYY/MM/DD HH24:MI:SS'));
insert into D_SCHEDULE values('L005', to_date('2023/01/23 10:00:00', 'YYYY/MM/DD HH24:MI:SS'));
insert into D_SCHEDULE values('L005', to_date('2023/01/25 09:00:00', 'YYYY/MM/DD HH24:MI:SS'));
insert into D_SCHEDULE values('L005', to_date('2023/01/25 09:30:00', 'YYYY/MM/DD HH24:MI:SS'));
insert into D_SCHEDULE values('L005', to_date('2023/01/25 10:00:00', 'YYYY/MM/DD HH24:MI:SS'));
insert into D_SCHEDULE values('L005', to_date('2023/01/25 10:30:00', 'YYYY/MM/DD HH24:MI:SS'));
insert into D_SCHEDULE values('L005', to_date('2023/01/27 13:30:00', 'YYYY/MM/DD HH24:MI:SS'));
insert into D_SCHEDULE values('L005', to_date('2023/01/27 14:30:00', 'YYYY/MM/DD HH24:MI:SS'));
insert into D_SCHEDULE values('L005', to_date('2023/01/27 15:00:00', 'YYYY/MM/DD HH24:MI:SS'));

insert into D_SCHEDULE values('L006', to_date('2023/01/23 09:00:00', 'YYYY/MM/DD HH24:MI:SS'));
insert into D_SCHEDULE values('L006', to_date('2023/01/23 09:30:00', 'YYYY/MM/DD HH24:MI:SS'));
insert into D_SCHEDULE values('L006', to_date('2023/01/23 10:00:00', 'YYYY/MM/DD HH24:MI:SS'));
insert into D_SCHEDULE values('L006', to_date('2023/01/25 09:00:00', 'YYYY/MM/DD HH24:MI:SS'));
insert into D_SCHEDULE values('L006', to_date('2023/01/25 09:30:00', 'YYYY/MM/DD HH24:MI:SS'));
insert into D_SCHEDULE values('L006', to_date('2023/01/25 10:00:00', 'YYYY/MM/DD HH24:MI:SS'));
insert into D_SCHEDULE values('L006', to_date('2023/01/25 10:30:00', 'YYYY/MM/DD HH24:MI:SS'));
insert into D_SCHEDULE values('L006', to_date('2023/01/27 13:30:00', 'YYYY/MM/DD HH24:MI:SS'));
insert into D_SCHEDULE values('L006', to_date('2023/01/27 14:30:00', 'YYYY/MM/DD HH24:MI:SS'));
insert into D_SCHEDULE values('L006', to_date('2023/01/27 15:00:00', 'YYYY/MM/DD HH24:MI:SS'));

insert into D_SCHEDULE values('L007', to_date('2023/01/23 09:00:00', 'YYYY/MM/DD HH24:MI:SS'));
insert into D_SCHEDULE values('L007', to_date('2023/01/23 09:30:00', 'YYYY/MM/DD HH24:MI:SS'));
insert into D_SCHEDULE values('L007', to_date('2023/01/23 10:00:00', 'YYYY/MM/DD HH24:MI:SS'));
insert into D_SCHEDULE values('L007', to_date('2023/01/25 09:00:00', 'YYYY/MM/DD HH24:MI:SS'));
insert into D_SCHEDULE values('L007', to_date('2023/01/25 09:30:00', 'YYYY/MM/DD HH24:MI:SS'));
insert into D_SCHEDULE values('L007', to_date('2023/01/25 10:00:00', 'YYYY/MM/DD HH24:MI:SS'));
insert into D_SCHEDULE values('L007', to_date('2023/01/25 10:30:00', 'YYYY/MM/DD HH24:MI:SS'));
insert into D_SCHEDULE values('L007', to_date('2023/01/27 13:30:00', 'YYYY/MM/DD HH24:MI:SS'));
insert into D_SCHEDULE values('L007', to_date('2023/01/27 14:30:00', 'YYYY/MM/DD HH24:MI:SS'));
insert into D_SCHEDULE values('L007', to_date('2023/01/27 15:00:00', 'YYYY/MM/DD HH24:MI:SS'));

insert into D_SCHEDULE values('L008', to_date('2023/01/23 09:00:00', 'YYYY/MM/DD HH24:MI:SS'));
insert into D_SCHEDULE values('L008', to_date('2023/01/23 09:30:00', 'YYYY/MM/DD HH24:MI:SS'));
insert into D_SCHEDULE values('L008', to_date('2023/01/23 10:00:00', 'YYYY/MM/DD HH24:MI:SS'));
insert into D_SCHEDULE values('L008', to_date('2023/01/25 09:00:00', 'YYYY/MM/DD HH24:MI:SS'));
insert into D_SCHEDULE values('L008', to_date('2023/01/25 09:30:00', 'YYYY/MM/DD HH24:MI:SS'));
insert into D_SCHEDULE values('L008', to_date('2023/01/25 10:00:00', 'YYYY/MM/DD HH24:MI:SS'));
insert into D_SCHEDULE values('L008', to_date('2023/01/25 10:30:00', 'YYYY/MM/DD HH24:MI:SS'));
insert into D_SCHEDULE values('L008', to_date('2023/01/27 13:30:00', 'YYYY/MM/DD HH24:MI:SS'));
insert into D_SCHEDULE values('L008', to_date('2023/01/27 14:30:00', 'YYYY/MM/DD HH24:MI:SS'));
insert into D_SCHEDULE values('L008', to_date('2023/01/27 15:00:00', 'YYYY/MM/DD HH24:MI:SS'));

insert into D_SCHEDULE values('L009', to_date('2023/01/23 09:00:00', 'YYYY/MM/DD HH24:MI:SS'));
insert into D_SCHEDULE values('L009', to_date('2023/01/23 09:30:00', 'YYYY/MM/DD HH24:MI:SS'));
insert into D_SCHEDULE values('L009', to_date('2023/01/23 10:00:00', 'YYYY/MM/DD HH24:MI:SS'));
insert into D_SCHEDULE values('L009', to_date('2023/01/25 09:00:00', 'YYYY/MM/DD HH24:MI:SS'));
insert into D_SCHEDULE values('L009', to_date('2023/01/25 09:30:00', 'YYYY/MM/DD HH24:MI:SS'));
insert into D_SCHEDULE values('L009', to_date('2023/01/25 10:00:00', 'YYYY/MM/DD HH24:MI:SS'));
insert into D_SCHEDULE values('L009', to_date('2023/01/25 10:30:00', 'YYYY/MM/DD HH24:MI:SS'));
insert into D_SCHEDULE values('L009', to_date('2023/01/27 13:30:00', 'YYYY/MM/DD HH24:MI:SS'));
insert into D_SCHEDULE values('L009', to_date('2023/01/27 14:30:00', 'YYYY/MM/DD HH24:MI:SS'));
insert into D_SCHEDULE values('L009', to_date('2023/01/27 15:00:00', 'YYYY/MM/DD HH24:MI:SS'));

insert into D_SCHEDULE values('L010', to_date('2023/01/23 09:00:00', 'YYYY/MM/DD HH24:MI:SS'));
insert into D_SCHEDULE values('L010', to_date('2023/01/23 09:30:00', 'YYYY/MM/DD HH24:MI:SS'));
insert into D_SCHEDULE values('L010', to_date('2023/01/23 10:00:00', 'YYYY/MM/DD HH24:MI:SS'));
insert into D_SCHEDULE values('L010', to_date('2023/01/25 09:00:00', 'YYYY/MM/DD HH24:MI:SS'));
insert into D_SCHEDULE values('L010', to_date('2023/01/25 09:30:00', 'YYYY/MM/DD HH24:MI:SS'));
insert into D_SCHEDULE values('L010', to_date('2023/01/25 10:00:00', 'YYYY/MM/DD HH24:MI:SS'));
insert into D_SCHEDULE values('L010', to_date('2023/01/25 10:30:00', 'YYYY/MM/DD HH24:MI:SS'));
insert into D_SCHEDULE values('L010', to_date('2023/01/27 13:30:00', 'YYYY/MM/DD HH24:MI:SS'));
insert into D_SCHEDULE values('L010', to_date('2023/01/27 14:30:00', 'YYYY/MM/DD HH24:MI:SS'));
insert into D_SCHEDULE values('L010', to_date('2023/01/27 15:00:00', 'YYYY/MM/DD HH24:MI:SS'));

insert into D_SCHEDULE values('L011', to_date('2023/01/23 09:00:00', 'YYYY/MM/DD HH24:MI:SS'));
insert into D_SCHEDULE values('L011', to_date('2023/01/23 09:30:00', 'YYYY/MM/DD HH24:MI:SS'));
insert into D_SCHEDULE values('L011', to_date('2023/01/23 10:00:00', 'YYYY/MM/DD HH24:MI:SS'));
insert into D_SCHEDULE values('L011', to_date('2023/01/25 09:00:00', 'YYYY/MM/DD HH24:MI:SS'));
insert into D_SCHEDULE values('L011', to_date('2023/01/25 09:30:00', 'YYYY/MM/DD HH24:MI:SS'));
insert into D_SCHEDULE values('L011', to_date('2023/01/25 10:00:00', 'YYYY/MM/DD HH24:MI:SS'));
insert into D_SCHEDULE values('L011', to_date('2023/01/25 10:30:00', 'YYYY/MM/DD HH24:MI:SS'));
insert into D_SCHEDULE values('L011', to_date('2023/01/27 13:30:00', 'YYYY/MM/DD HH24:MI:SS'));
insert into D_SCHEDULE values('L011', to_date('2023/01/27 14:30:00', 'YYYY/MM/DD HH24:MI:SS'));
insert into D_SCHEDULE values('L011', to_date('2023/01/27 15:00:00', 'YYYY/MM/DD HH24:MI:SS'));

insert into D_SCHEDULE values('L012', to_date('2023/01/23 09:00:00', 'YYYY/MM/DD HH24:MI:SS'));
insert into D_SCHEDULE values('L012', to_date('2023/01/23 09:30:00', 'YYYY/MM/DD HH24:MI:SS'));
insert into D_SCHEDULE values('L012', to_date('2023/01/23 10:00:00', 'YYYY/MM/DD HH24:MI:SS'));
insert into D_SCHEDULE values('L012', to_date('2023/01/25 09:00:00', 'YYYY/MM/DD HH24:MI:SS'));
insert into D_SCHEDULE values('L012', to_date('2023/01/25 09:30:00', 'YYYY/MM/DD HH24:MI:SS'));
insert into D_SCHEDULE values('L012', to_date('2023/01/25 10:00:00', 'YYYY/MM/DD HH24:MI:SS'));
insert into D_SCHEDULE values('L012', to_date('2023/01/25 10:30:00', 'YYYY/MM/DD HH24:MI:SS'));
insert into D_SCHEDULE values('L012', to_date('2023/01/27 13:30:00', 'YYYY/MM/DD HH24:MI:SS'));
insert into D_SCHEDULE values('L012', to_date('2023/01/27 14:30:00', 'YYYY/MM/DD HH24:MI:SS'));
insert into D_SCHEDULE values('L012', to_date('2023/01/27 15:00:00', 'YYYY/MM/DD HH24:MI:SS'));

insert into D_SCHEDULE values('L013', to_date('2023/01/23 09:00:00', 'YYYY/MM/DD HH24:MI:SS'));
insert into D_SCHEDULE values('L013', to_date('2023/01/23 09:30:00', 'YYYY/MM/DD HH24:MI:SS'));
insert into D_SCHEDULE values('L013', to_date('2023/01/23 10:00:00', 'YYYY/MM/DD HH24:MI:SS'));
insert into D_SCHEDULE values('L013', to_date('2023/01/25 09:00:00', 'YYYY/MM/DD HH24:MI:SS'));
insert into D_SCHEDULE values('L013', to_date('2023/01/25 09:30:00', 'YYYY/MM/DD HH24:MI:SS'));
insert into D_SCHEDULE values('L013', to_date('2023/01/25 10:00:00', 'YYYY/MM/DD HH24:MI:SS'));
insert into D_SCHEDULE values('L013', to_date('2023/01/25 10:30:00', 'YYYY/MM/DD HH24:MI:SS'));
insert into D_SCHEDULE values('L013', to_date('2023/01/27 13:30:00', 'YYYY/MM/DD HH24:MI:SS'));
insert into D_SCHEDULE values('L013', to_date('2023/01/27 14:30:00', 'YYYY/MM/DD HH24:MI:SS'));
insert into D_SCHEDULE values('L013', to_date('2023/01/27 15:00:00', 'YYYY/MM/DD HH24:MI:SS'));

insert into D_SCHEDULE values('L014', to_date('2023/01/23 09:00:00', 'YYYY/MM/DD HH24:MI:SS'));
insert into D_SCHEDULE values('L014', to_date('2023/01/23 09:30:00', 'YYYY/MM/DD HH24:MI:SS'));
insert into D_SCHEDULE values('L014', to_date('2023/01/23 10:00:00', 'YYYY/MM/DD HH24:MI:SS'));
insert into D_SCHEDULE values('L014', to_date('2023/01/25 09:00:00', 'YYYY/MM/DD HH24:MI:SS'));
insert into D_SCHEDULE values('L014', to_date('2023/01/25 09:30:00', 'YYYY/MM/DD HH24:MI:SS'));
insert into D_SCHEDULE values('L014', to_date('2023/01/25 10:00:00', 'YYYY/MM/DD HH24:MI:SS'));
insert into D_SCHEDULE values('L014', to_date('2023/01/25 10:30:00', 'YYYY/MM/DD HH24:MI:SS'));
insert into D_SCHEDULE values('L014', to_date('2023/01/27 13:30:00', 'YYYY/MM/DD HH24:MI:SS'));
insert into D_SCHEDULE values('L014', to_date('2023/01/27 14:30:00', 'YYYY/MM/DD HH24:MI:SS'));
insert into D_SCHEDULE values('L014', to_date('2023/01/27 15:00:00', 'YYYY/MM/DD HH24:MI:SS'));

----------------진료 예약---------------------------
insert into RESERV values(RESERV_SEQ.nextval, 'gildong', 'D007', to_date('2015/02/10 10:30:00', 'YYYY/MM/DD HH24:MI:SS'), '가슴이 답답해요');
insert into RESERV values(RESERV_SEQ.nextval, 'gildong', 'D007', to_date('2015/02/20 10:30:00', 'YYYY/MM/DD HH24:MI:SS'), '가슴이 답답해요');
insert into RESERV values(RESERV_SEQ.nextval, 'gildong', 'D007', to_date('2015/03/02 11:00:00', 'YYYY/MM/DD HH24:MI:SS'), '기침이 자주 나요');
insert into RESERV values(RESERV_SEQ.nextval, 'gildong', 'D007', to_date('2015/04/05 10:00:00', 'YYYY/MM/DD HH24:MI:SS'), '기침이 자주 나요');
insert into RESERV values(RESERV_SEQ.nextval, 'gildong', 'D007', to_date('2015/04/12 10:00:00', 'YYYY/MM/DD HH24:MI:SS'), '기침이 자주 나요');
insert into RESERV values(RESERV_SEQ.nextval, 'gildong', 'D007', to_date('2015/04/20 10:00:00', 'YYYY/MM/DD HH24:MI:SS'), '가래가 끓어요');
insert into RESERV values(RESERV_SEQ.nextval, 'gildong', 'D007', to_date('2015/04/30 10:00:00', 'YYYY/MM/DD HH24:MI:SS'), '가래가 끓어요');
insert into RESERV values(RESERV_SEQ.nextval, 'gildong', 'A001', to_date('2023/01/02 09:00:00', 'YYYY/MM/DD HH24:MI:SS'), '배가 아파요');
insert into RESERV values(RESERV_SEQ.nextval, 'gildong', 'A001', to_date('2023/01/09 09:00:00', 'YYYY/MM/DD HH24:MI:SS'), '설사가 나요');
insert into RESERV values(RESERV_SEQ.nextval, 'gildong', 'A001', to_date('2023/01/16 09:00:00', 'YYYY/MM/DD HH24:MI:SS'), '소화가 잘 안돼요');
---------------내원 이력 ---------------------------
insert into TREATM values('gildong', 'D007', '천식', to_date('2015/02/10 10:30:00', 'YYYY/MM/DD HH24:MI:SS'));
insert into TREATM values('gildong', 'D007', '천식', to_date('2015/02/20 10:30:00', 'YYYY/MM/DD HH24:MI:SS'));
insert into TREATM values('gildong', 'D007', '천식', to_date('2015/03/02 11:00:00', 'YYYY/MM/DD HH24:MI:SS'));
insert into TREATM values('gildong', 'D007', '천식', to_date('2015/04/05 10:00:00', 'YYYY/MM/DD HH24:MI:SS'));
insert into TREATM values('gildong', 'D007', '천식', to_date('2015/04/12 10:00:00', 'YYYY/MM/DD HH24:MI:SS'));
insert into TREATM values('gildong', 'D007', '천식', to_date('2015/04/20 10:00:00', 'YYYY/MM/DD HH24:MI:SS'));
insert into TREATM values('gildong', 'D007', '천식', to_date('2015/04/30 10:00:00', 'YYYY/MM/DD HH24:MI:SS'));
insert into TREATM values('gildong', 'A002', '위궤양', to_date('2022/10/20 09:00:00', 'YYYY/MM/DD HH24:MI:SS'));
insert into TREATM values('gildong', 'A002', '위궤양', to_date('2022/11/02 10:00:00', 'YYYY/MM/DD HH24:MI:SS'));
insert into TREATM values('gildong', 'A002', '위궤양', to_date('2022/11/15 11:00:00', 'YYYY/MM/DD HH24:MI:SS'));
insert into TREATM values('gildong', 'A001', '세균성 식중독', to_date('2022/12/19 10:30:00', 'YYYY/MM/DD HH24:MI:SS'));
insert into TREATM values('gildong', 'A001', '세균성 식중독', to_date('2022/12/26 11:00:00', 'YYYY/MM/DD HH24:MI:SS'));
insert into TREATM values('gildong', 'A001', '세균성 식중독', to_date('2023/01/02 09:00:00', 'YYYY/MM/DD HH24:MI:SS'));
insert into TREATM values('gildong', 'A001', '세균성 식중독', to_date('2023/01/09 09:00:00', 'YYYY/MM/DD HH24:MI:SS'));
insert into TREATM values('gildong', 'A001', '세균성 식중독', to_date('2023/01/16 10:00:00', 'YYYY/MM/DD HH24:MI:SS'));
---------------수술 이력----------------------------
insert into SURGERY values('gildong', 'A008', to_date('2010/04/21 09:00:00', 'YYYY/MM/DD HH24:MI:SS'), '위아전절제술', '위암');
insert into SURGERY values('gildong', 'A008', to_date('2012/10/20 10:00:00', 'YYYY/MM/DD HH24:MI:SS'), '편도절제술', '편도염');
insert into SURGERY values('gildong', 'A005', to_date('2015/05/05 10:00:00', 'YYYY/MM/DD HH24:MI:SS'), '충수돌기절제술', '충수염');
insert into SURGERY values('gildong', 'A006', to_date('2017/07/10 14:30:00', 'YYYY/MM/DD HH24:MI:SS'), '흉관삽입술', '기흉');
insert into SURGERY values('gildong', 'G001', to_date('2019/03/22 11:00:00', 'YYYY/MM/DD HH24:MI:SS'), '십자인대재건술', '십자인대파열');
insert into SURGERY values('gildong', 'A007', to_date('2021/02/24 10:00:00', 'YYYY/MM/DD HH24:MI:SS'), '갑상선절제술', '갑상선항진증');
/*
--------------- 약품 ----------------------------
insert into MEDICINE values('싱귤레어', '1일 1회 10mg을 저녁에 복용', '천식의 예방 및 지속적 치료. 계절성 알러지성 비염 증상 완화', '무력증, 피로, 열, 복통, 외상, 소화기계 장애, 어지러움, 두통, 비출혈, 기침, 인플루엔자, 발진, ALT·AST 증가, 농뇨, 과민반응, 이상수면, 졸음, 불안정. 소아 : 설사, 후두염, 인두염, 구역, 이염, 부비동염, 바이러스성 감염');
insert into MEDICINE values('클로람페니콜', '1회 0.5~1.0g 1일 2회 정맥주사한다.', '그람양성균, 장티푸스균, 다른 항생제에 저항성이 있는 감수성균 감염에 효과가 있다.', '클로람페니콜을 섭취 시 치명적인 간손상, 재생불량성 빈혈, 골수억제, 그레이증후군, 암발생 등을 유발할 수 있다. 클로람페니콜은 태반 장벽을 용이하게 통과하고 인체의 모유로 분비되기 때문에 신생아, 특히 미숙아에게 치명적인 중독을 일으킬 수 있다.');
*/
---------------처방 내역----------------------------
insert into PRESC values('gildong', 'B006', '아모크라정', to_date('2012/10/20 10:00:00', 'YYYY/MM/DD HH24:MI:SS'), 5, 1, 250);
insert into PRESC values('gildong', 'B006', '아모크라정', to_date('2012/10/29 10:30:00', 'YYYY/MM/DD HH24:MI:SS'), 5, 1, 250);
insert into PRESC values('gildong', 'B006', '아모크라정', to_date('2012/11/08 10:00:00', 'YYYY/MM/DD HH24:MI:SS'), 5, 1, 250);
insert into PRESC values('gildong', 'B006', '아모크라정', to_date('2012/11/20 11:00:00', 'YYYY/MM/DD HH24:MI:SS'), 5, 1, 250);
insert into PRESC values('gildong', 'B006', '아모크라정', to_date('2012/11/27 09:30:00', 'YYYY/MM/DD HH24:MI:SS'), 5, 1, 250);
insert into PRESC values('gildong', 'D007', '싱귤레어', to_date('2015/02/10 10:30:00', 'YYYY/MM/DD HH24:MI:SS'), 7, 1, 10);
insert into PRESC values('gildong', 'D007', '싱귤레어', to_date('2015/02/20 10:30:00', 'YYYY/MM/DD HH24:MI:SS'), 7, 1, 10);
insert into PRESC values('gildong', 'D007', '싱귤레어', to_date('2015/03/02 11:00:00', 'YYYY/MM/DD HH24:MI:SS'), 7, 1, 10);
insert into PRESC values('gildong', 'D007', '싱귤레어', to_date('2015/04/05 10:00:00', 'YYYY/MM/DD HH24:MI:SS'), 7, 1, 10);
insert into PRESC values('gildong', 'D007', '싱귤레어', to_date('2015/04/12 10:00:00', 'YYYY/MM/DD HH24:MI:SS'), 7, 1, 10);
insert into PRESC values('gildong', 'D007', '싱귤레어', to_date('2015/04/20 10:00:00', 'YYYY/MM/DD HH24:MI:SS'), 7, 1, 10);
insert into PRESC values('gildong', 'D007', '싱귤레어', to_date('2015/04/30 10:00:00', 'YYYY/MM/DD HH24:MI:SS'), 7, 1, 10);
insert into PRESC values('gildong', 'B006', '젬스테인', to_date('2021/02/24 10:00:00', 'YYYY/MM/DD HH24:MI:SS'), 6, 3, 10);
insert into PRESC values('gildong', 'B006', '젬스테인', to_date('2021/03/03 10:30:00', 'YYYY/MM/DD HH24:MI:SS'), 6, 3, 10);
insert into PRESC values('gildong', 'B006', '젬스테인', to_date('2021/03/20 11:00:00', 'YYYY/MM/DD HH24:MI:SS'), 6, 3, 10);
insert into PRESC values('gildong', 'B006', '젬스테인', to_date('2021/03/30 11:00:00', 'YYYY/MM/DD HH24:MI:SS'), 6, 3, 10);
insert into PRESC values('gildong', 'B006', '젬스테인', to_date('2021/04/07 11:30:00', 'YYYY/MM/DD HH24:MI:SS'), 6, 3, 10);
insert into PRESC values('gildong', 'A002', '나프메드', to_date('2022/10/20 09:00:00', 'YYYY/MM/DD HH24:MI:SS'), 7, 2, 500);
insert into PRESC values('gildong', 'A002', '나프메드', to_date('2022/11/02 10:00:00', 'YYYY/MM/DD HH24:MI:SS'), 7, 2, 500);
insert into PRESC values('gildong', 'A002', '나프메드', to_date('2022/11/15 11:00:00', 'YYYY/MM/DD HH24:MI:SS'), 7, 2, 500);
insert into PRESC values('gildong', 'A001', '클로람페니콜', to_date('2022/12/19 10:30:00', 'YYYY/MM/DD HH24:MI:SS'), 7, 3, 250);
insert into PRESC values('gildong', 'A001', '클로람페니콜', to_date('2022/12/26 11:00:00', 'YYYY/MM/DD HH24:MI:SS'), 7, 3, 250);
insert into PRESC values('gildong', 'A001', '클로람페니콜', to_date('2023/01/02 09:00:00', 'YYYY/MM/DD HH24:MI:SS'), 7, 3, 250);
insert into PRESC values('gildong', 'A001', '클로람페니콜', to_date('2023/01/09 09:00:00', 'YYYY/MM/DD HH24:MI:SS'), 7, 3, 250);
insert into PRESC values('gildong', 'A001', '클로람페니콜', to_date('2023/01/16 10:00:00', 'YYYY/MM/DD HH24:MI:SS'), 7, 3, 250);
---------------건강검진 이력-------------------------
insert into EXAM values('gildong', to_date('2006/10/01 10:30:00', 'YYYY/MM/DD HH24:MI:SS'), 174.9, 62.5, '128/85', 102, 41, 155, 1.1, 25, 27);
insert into EXAM values('gildong', to_date('2007/08/05 11:00:00', 'YYYY/MM/DD HH24:MI:SS'), 175.5, 68.9, '138/89', 90, 42, 159, 1.0, 35, 39);
insert into EXAM values('gildong', to_date('2008/09/30 11:00:00', 'YYYY/MM/DD HH24:MI:SS'), 175.4, 69.4, '140/98', 78, 49, 148, 0.8, 33, 32);
insert into EXAM values('gildong', to_date('2009/04/28 11:30:00', 'YYYY/MM/DD HH24:MI:SS'), 175.2, 72.1, '133/89', 89, 45, 147, 1.2, 45, 33);
insert into EXAM values('gildong', to_date('2010/07/11 09:00:00', 'YYYY/MM/DD HH24:MI:SS'), 175.0, 68.3, '128/77', 99, 35, 141, 0.7, 36, 20);
insert into EXAM values('gildong', to_date('2011/11/01 10:00:00', 'YYYY/MM/DD HH24:MI:SS'), 175.1, 67.7, '121/82', 104, 40, 142, 0.9, 21, 37);
insert into EXAM values('gildong', to_date('2012/10/01 09:00:00', 'YYYY/MM/DD HH24:MI:SS'), 175.1, 64.5, '125/84', 105, 47, 149, 1.1, 27, 38);
insert into EXAM values('gildong', to_date('2013/09/10 10:30:00', 'YYYY/MM/DD HH24:MI:SS'), 175.2, 70.0, '115/85', 89, 44, 154, 1.0, 29, 40);
insert into EXAM values('gildong', to_date('2014/08/12 09:00:00', 'YYYY/MM/DD HH24:MI:SS'), 174.9, 68.8, '124/78', 90, 38, 161, 1.2, 33, 35);
insert into EXAM values('gildong', to_date('2015/08/18 15:00:00', 'YYYY/MM/DD HH24:MI:SS'), 175.0, 72.4, '130/82', 95, 49, 152, 1.1, 37, 34);
insert into EXAM values('gildong', to_date('2016/10/20 14:00:00', 'YYYY/MM/DD HH24:MI:SS'), 175.1, 75.5, '125/85', 112, 51, 150, 0.9, 44, 45);
insert into EXAM values('gildong', to_date('2017/07/05 14:00:00', 'YYYY/MM/DD HH24:MI:SS'), 175.0, 74.2, '124/82', 105, 45, 157, 1.0, 52, 36);
insert into EXAM values('gildong', to_date('2018/11/04 13:30:00', 'YYYY/MM/DD HH24:MI:SS'), 175.3, 70.5, '119/81', 104, 44, 166, 0.8, 39, 22);
insert into EXAM values('gildong', to_date('2019/12/11 11:00:00', 'YYYY/MM/DD HH24:MI:SS'), 175.5, 70.1, '121/81', 110, 52, 157, 1.0, 24, 31);
insert into EXAM values('gildong', to_date('2020/06/09 11:00:00', 'YYYY/MM/DD HH24:MI:SS'), 175.0, 78.8, '125/80', 97, 56, 138, 1.2, 26, 39);
insert into EXAM values('gildong', to_date('2021/05/13 10:00:00', 'YYYY/MM/DD HH24:MI:SS'), 175.1, 72.2, '128/78', 94, 39, 162, 1.1, 40, 33);
insert into EXAM values('gildong', to_date('2022/11/21 09:30:00', 'YYYY/MM/DD HH24:MI:SS'), 175.1, 69.0, '129/80', 97, 33, 151, 1.1, 35, 35);
---------------건강검진 스케쥴-----------------------
insert into E_SCHEDULE values(to_date('2023/01/23 09:00:00', 'YYYY/MM/DD HH24:MI:SS'));
insert into E_SCHEDULE values(to_date('2023/01/23 10:00:00', 'YYYY/MM/DD HH24:MI:SS'));
insert into E_SCHEDULE values(to_date('2023/01/23 11:00:00', 'YYYY/MM/DD HH24:MI:SS'));
insert into E_SCHEDULE values(to_date('2023/01/23 13:00:00', 'YYYY/MM/DD HH24:MI:SS'));
insert into E_SCHEDULE values(to_date('2023/01/23 14:00:00', 'YYYY/MM/DD HH24:MI:SS'));
insert into E_SCHEDULE values(to_date('2023/01/23 15:00:00', 'YYYY/MM/DD HH24:MI:SS'));
insert into E_SCHEDULE values(to_date('2023/01/23 16:00:00', 'YYYY/MM/DD HH24:MI:SS'));

insert into E_SCHEDULE values(to_date('2023/01/24 09:00:00', 'YYYY/MM/DD HH24:MI:SS'));
insert into E_SCHEDULE values(to_date('2023/01/24 10:00:00', 'YYYY/MM/DD HH24:MI:SS'));
insert into E_SCHEDULE values(to_date('2023/01/24 11:00:00', 'YYYY/MM/DD HH24:MI:SS'));
insert into E_SCHEDULE values(to_date('2023/01/24 13:00:00', 'YYYY/MM/DD HH24:MI:SS'));
insert into E_SCHEDULE values(to_date('2023/01/24 14:00:00', 'YYYY/MM/DD HH24:MI:SS'));
insert into E_SCHEDULE values(to_date('2023/01/24 15:00:00', 'YYYY/MM/DD HH24:MI:SS'));
insert into E_SCHEDULE values(to_date('2023/01/24 16:00:00', 'YYYY/MM/DD HH24:MI:SS'));

insert into E_SCHEDULE values(to_date('2023/01/25 09:00:00', 'YYYY/MM/DD HH24:MI:SS'));
insert into E_SCHEDULE values(to_date('2023/01/25 10:00:00', 'YYYY/MM/DD HH24:MI:SS'));
insert into E_SCHEDULE values(to_date('2023/01/25 11:00:00', 'YYYY/MM/DD HH24:MI:SS'));
insert into E_SCHEDULE values(to_date('2023/01/25 13:00:00', 'YYYY/MM/DD HH24:MI:SS'));
insert into E_SCHEDULE values(to_date('2023/01/25 14:00:00', 'YYYY/MM/DD HH24:MI:SS'));
insert into E_SCHEDULE values(to_date('2023/01/25 15:00:00', 'YYYY/MM/DD HH24:MI:SS'));
insert into E_SCHEDULE values(to_date('2023/01/25 16:00:00', 'YYYY/MM/DD HH24:MI:SS'));

insert into E_SCHEDULE values(to_date('2023/01/26 09:00:00', 'YYYY/MM/DD HH24:MI:SS'));
insert into E_SCHEDULE values(to_date('2023/01/26 10:00:00', 'YYYY/MM/DD HH24:MI:SS'));
insert into E_SCHEDULE values(to_date('2023/01/26 11:00:00', 'YYYY/MM/DD HH24:MI:SS'));
insert into E_SCHEDULE values(to_date('2023/01/26 13:00:00', 'YYYY/MM/DD HH24:MI:SS'));
insert into E_SCHEDULE values(to_date('2023/01/26 14:00:00', 'YYYY/MM/DD HH24:MI:SS'));
insert into E_SCHEDULE values(to_date('2023/01/26 15:00:00', 'YYYY/MM/DD HH24:MI:SS'));
insert into E_SCHEDULE values(to_date('2023/01/26 16:00:00', 'YYYY/MM/DD HH24:MI:SS'));

insert into E_SCHEDULE values(to_date('2023/01/27 09:00:00', 'YYYY/MM/DD HH24:MI:SS'));
insert into E_SCHEDULE values(to_date('2023/01/27 10:00:00', 'YYYY/MM/DD HH24:MI:SS'));
insert into E_SCHEDULE values(to_date('2023/01/27 11:00:00', 'YYYY/MM/DD HH24:MI:SS'));
insert into E_SCHEDULE values(to_date('2023/01/27 13:00:00', 'YYYY/MM/DD HH24:MI:SS'));
insert into E_SCHEDULE values(to_date('2023/01/27 14:00:00', 'YYYY/MM/DD HH24:MI:SS'));
insert into E_SCHEDULE values(to_date('2023/01/27 15:00:00', 'YYYY/MM/DD HH24:MI:SS'));
insert into E_SCHEDULE values(to_date('2023/01/27 16:00:00', 'YYYY/MM/DD HH24:MI:SS'));

commit;

-- select * from PATIENT;
-- select * from DEPT;
-- select * from DOCTOR;
-- select * from RESERV;
-- select * from EXAM;
-- select * from TREATM;
-- select * from SURGERY;
-- select * from PRESC;
